jurisdiction_id,subdivision_code,jurisdiction_name,authority_id,regulatory_source_id,research_depth,regulatory_system,management_geographies,regulation_formats,gis_status,gis_legal_standing,gis_licensing,required_dimensions,federal_land_dependencies,known_blockers,implementation_readiness,engine_compatibility,engine_gaps,annual_artifact,monitor_strategy,fixture_candidates,reviewed_at
jurisdiction:us-al,AL,Alabama,authority:us-al-dcnr,source:us-al-hunting,NATIONAL_DISCOVERY,State rules and annual seasons; detailed system not yet decomposed,Game Management Area (GMA),HTML,NOT_CERTIFIED,UNRESOLVED,UNRESOLVED,species; regulatory class; geography; season; method; bag; license/permit; residency; land status — state decomposition required,Migratory-bird framework and federal-land/refuge rules; state-specific dependency inventory pending,"Annual artifact, authoritative boundaries, source terms, and rule dimensions not yet certified",DISCOVERY_ONLY,NOT_ASSESSED,State rule model and authoritative geography contract not decomposed,Current official hunting hub identified; annual controlling artifact unresolved,Resolve annual artifact and update/correction channel before implementation,Pending state decomposition,2026-09-20
jurisdiction:us-ak,AK,Alaska,authority:us-ak-adfg,source:us-ak-hunting,WAVE_1_DEEP,GMU/subunit + species + hunt number/type + residency + permit/harvest ticket + subsistence overlay,Game Management Units and subunits; controlled-use/closed/management areas; federal subsistence areas,HTML hub; annual PDFs by GMU; hunt-number web views; emergency orders,OFFICIAL_DOWNLOAD_PAGE_FOUND_SERVICE_UNRESOLVED,"Map guidance; current regulations, legal descriptions, and emergency orders control",UNRESOLVED,species; regulatory class; sex/age; GMU/subunit; hunt number/type; residency; permit type; season; method; bag period; subsistence eligibility; emergency order,USFWS refuges; NPS units; BLM/USFS access; federal subsistence regime,No stable feature-service contract certified; state/federal subsistence conflicts require separate authority scopes; emergency orders are mutable,RESEARCH_DEEP_SOURCE_CONTRACT_BLOCKED,PARTIAL_MAJOR_EXTENSION,hunt identifiers; residency/eligibility; permit and harvest-ticket classes; emergency-order precedence; dual state/federal subsistence authority,Annual statewide/GMU regulation PDFs plus permit supplements and emergency orders,Version annual artifacts; poll emergency-order index; diff hunt-number tables and GMU legal descriptions,GMU 1 black bear general vs permit hunt; GMU 26 resident/nonresident split; federal subsistence overlap,2026-09-20
jurisdiction:us-az,AZ,Arizona,authority:us-az-gfd,source:us-az-hunting,WAVE_1_DEEP,GMU + four-digit hunt number + permit-tag/nonpermit-tag + draw + season/order,Game Management Units and species hunt areas; six administrative regions; special access/closure areas,HTML hub; annual hunting and draw booklets; draw-process pages; unit pages/maps,OFFICIAL_UNIT_MAPS_FOUND_DOWNLOAD_SERVICE_UNRESOLVED,"Planning/unit maps; commission orders, regulations, and permit-tag conditions govern",UNRESOLVED,species; hunt number; GMU/area; permit-tag class; draw; bonus points; season; method; sex/age; residency; quota,USFS/BLM; National Wildlife Refuges; tribal lands; border/military access constraints,Commission orders and draw booklets must be composed; unit-map service and reuse terms not certified,RESEARCH_DEEP_ORDER_AND_GIS_BLOCKED,PARTIAL_MAJOR_EXTENSION,hunt number; permit-tag taxonomy; commission-order precedence; bonus-point/draw metadata,Annual regulations/draw booklet and species commission orders,Version booklets and orders; diff hunt-number tables and corrections,four-digit draw hunt; nonpermit-tag opportunity; same GMU with species/order differences,2026-09-20
jurisdiction:us-ar,AR,Arkansas,authority:us-ar-agfc,source:us-ar-hunting,NATIONAL_DISCOVERY,State rules and annual seasons; detailed system not yet decomposed,Zone/Management Area,HTML,NOT_CERTIFIED,UNRESOLVED,UNRESOLVED,species; regulatory class; geography; season; method; bag; license/permit; residency; land status — state decomposition required,Migratory-bird framework and federal-land/refuge rules; state-specific dependency inventory pending,"Annual artifact, authoritative boundaries, source terms, and rule dimensions not yet certified",DISCOVERY_ONLY,NOT_ASSESSED,State rule model and authoritative geography contract not decomposed,Current official hunting hub identified; annual controlling artifact unresolved,Resolve annual artifact and update/correction channel before implementation,Pending state decomposition,2026-09-20
jurisdiction:us-ca,CA,California,authority:us-ca-cdfw,source:us-ca-hunting,NATIONAL_DISCOVERY,State rules and annual seasons; detailed system not yet decomposed,Zone/Hunt Area,HTML,NOT_CERTIFIED,UNRESOLVED,UNRESOLVED,species; regulatory class; geography; season; method; bag; license/permit; residency; land status — state decomposition required,Migratory-bird framework and federal-land/refuge rules; state-specific dependency inventory pending,"Annual artifact, authoritative boundaries, source terms, and rule dimensions not yet certified",DISCOVERY_ONLY,NOT_ASSESSED,State rule model and authoritative geography contract not decomposed,Current official hunting hub identified; annual controlling artifact unresolved,Resolve annual artifact and update/correction channel before implementation,Pending state decomposition,2026-09-20
jurisdiction:us-co,CO,Colorado,authority:us-co-cpw,source:us-co-hunting,WAVE_1_DEEP,Species brochure + 8-character hunt code + limited/OTC license + primary/secondary draw,Game Management Units; species-specific hunt-code unit sets; Ranching for Wildlife/private-land programs,HTML hub; annual PDF brochures; corrections pages; draw pages,OFFICIAL_PORTAL_FOUND_LAYER_CONTRACT_UNRESOLVED,"Planning map; brochure, regulations, license, and hunt code govern",PORTAL_TERMS_REVIEW_REQUIRED,species; sex; GMU/unit set; season; method; hunt code; license list; residency; draw; quota; private-land program,USFS/BLM access; NPS and refuge closures; wilderness/access constraints,Hunt-code tables and post-publication corrections need structured diffing; GIS layer/version and reuse terms not certified,RESEARCH_DEEP_PARSER_AND_GIS_BLOCKED,PARTIAL_MAJOR_EXTENSION,first-class hunt code; quota/draw lifecycle; multi-unit hunts; license lists; correction precedence,Species-specific annual brochures and correction notices,Pin brochure versions; poll corrections; parse and diff hunt-code tables,D-M-014-E1-R hunt-code decomposition; limited vs OTC elk; brochure correction supersession,2026-09-20
jurisdiction:us-ct,CT,Connecticut,authority:us-ct-deep,source:us-ct-hunting,NATIONAL_DISCOVERY,State rules and annual seasons; detailed system not yet decomposed,Deer/Turkey Management Zone,HTML,NOT_CERTIFIED,UNRESOLVED,UNRESOLVED,species; regulatory class; geography; season; method; bag; license/permit; residency; land status — state decomposition required,Migratory-bird framework and federal-land/refuge rules; state-specific dependency inventory pending,"Annual artifact, authoritative boundaries, source terms, and rule dimensions not yet certified",DISCOVERY_ONLY,NOT_ASSESSED,State rule model and authoritative geography contract not decomposed,Current official hunting hub identified; annual controlling artifact unresolved,Resolve annual artifact and update/correction channel before implementation,Pending state decomposition,2026-09-20
jurisdiction:us-de,DE,Delaware,authority:us-de-dnrec,source:us-de-hunting,NATIONAL_DISCOVERY,State rules and annual seasons; detailed system not yet decomposed,Wildlife Area/Zone,HTML,NOT_CERTIFIED,UNRESOLVED,UNRESOLVED,species; regulatory class; geography; season; method; bag; license/permit; residency; land status — state decomposition required,Migratory-bird framework and federal-land/refuge rules; state-specific dependency inventory pending,"Annual artifact, authoritative boundaries, source terms, and rule dimensions not yet certified",DISCOVERY_ONLY,NOT_ASSESSED,State rule model and authoritative geography contract not decomposed,Current official hunting hub identified; annual controlling artifact unresolved,Resolve annual artifact and update/correction channel before implementation,Pending state decomposition,2026-09-20
jurisdiction:us-dc,DC,District of Columbia,authority:us-dc-doee,source:us-dc-wildlife,NATIONAL_DISCOVERY,No ordinary recreational hunting program established,UNRESOLVED,HTML,NOT_APPLICABLE_PENDING_AUTHORITY_REVIEW,UNRESOLVED,UNRESOLVED,species; regulatory class; geography; season; method; bag; license/permit; residency; land status — state decomposition required,Migratory-bird framework and federal-land/refuge rules; state-specific dependency inventory pending,Confirm statutory prohibition/absence and any controlled wildlife-management exceptions,UNAVAILABLE_REQUIRES_LEGAL_CONFIRMATION,NOT_ASSESSED,State rule model and authoritative geography contract not decomposed,Current official hunting hub identified; annual controlling artifact unresolved,Resolve annual artifact and update/correction channel before implementation,Pending state decomposition,2026-09-20
jurisdiction:us-fl,FL,Florida,authority:us-fl-fwc,source:us-fl-hunting,NATIONAL_DISCOVERY,State rules and annual seasons; detailed system not yet decomposed,Zone/Wildlife Management Area,HTML,NOT_CERTIFIED,UNRESOLVED,UNRESOLVED,species; regulatory class; geography; season; method; bag; license/permit; residency; land status — state decomposition required,Migratory-bird framework and federal-land/refuge rules; state-specific dependency inventory pending,"Annual artifact, authoritative boundaries, source terms, and rule dimensions not yet certified",DISCOVERY_ONLY,NOT_ASSESSED,State rule model and authoritative geography contract not decomposed,Current official hunting hub identified; annual controlling artifact unresolved,Resolve annual artifact and update/correction channel before implementation,Pending state decomposition,2026-09-20
jurisdiction:us-ga,GA,Georgia,authority:us-ga-dnr,source:us-ga-hunting,NATIONAL_DISCOVERY,State rules and annual seasons; detailed system not yet decomposed,Zone/Wildlife Management Area,HTML,NOT_CERTIFIED,UNRESOLVED,UNRESOLVED,species; regulatory class; geography; season; method; bag; license/permit; residency; land status — state decomposition required,Migratory-bird framework and federal-land/refuge rules; state-specific dependency inventory pending,"Annual artifact, authoritative boundaries, source terms, and rule dimensions not yet certified",DISCOVERY_ONLY,NOT_ASSESSED,State rule model and authoritative geography contract not decomposed,Current official hunting hub identified; annual controlling artifact unresolved,Resolve annual artifact and update/correction channel before implementation,Pending state decomposition,2026-09-20
jurisdiction:us-hi,HI,Hawaii,authority:us-hi-dofaw,source:us-hi-hunting,NATIONAL_DISCOVERY,State rules and annual seasons; detailed system not yet decomposed,Public Hunting Area/Unit,HTML,NOT_CERTIFIED,UNRESOLVED,UNRESOLVED,species; regulatory class; geography; season; method; bag; license/permit; residency; land status — state decomposition required,Migratory-bird framework and federal-land/refuge rules; state-specific dependency inventory pending,"Annual artifact, authoritative boundaries, source terms, and rule dimensions not yet certified",DISCOVERY_ONLY,NOT_ASSESSED,State rule model and authoritative geography contract not decomposed,Current official hunting hub identified; annual controlling artifact unresolved,Resolve annual artifact and update/correction channel before implementation,Pending state decomposition,2026-09-20
jurisdiction:us-id,ID,Idaho,authority:us-id-fg,source:us-id-hunting,WAVE_1_DEEP,Game unit/elk zone + general or controlled hunt + hunt number + tag + weapon class,Game Management Units; Elk Zones; Controlled Hunt Areas; Access Yes properties,Interactive hunt planner; annual PDF rules; filterable grids; downloadable shapefile/KML links,OFFICIAL_DOWNLOADS_ADVERTISED_DIRECT_ASSETS_REQUIRE_CERTIFICATION,Planner warns users to verify against current regulation-booklet boundaries,UNRESOLVED,species; GMU/zone; controlled hunt number; tag; weapon; season; sex/age; residency; draw odds/quota; land program,USFWS refuge special rules; USFS/BLM access; tribal jurisdiction,Controlled-hunt areas may be portions/combinations of units; downloadable dataset version and license need capture,RESEARCH_DEEP_DOWNLOAD_CERTIFICATION_BLOCKED,PARTIAL_MAJOR_EXTENSION,controlled-hunt ID and unit expressions; elk-zone parallel geography; tags/quotas/draw; species-specific partial units,Big-game season/rule PDFs plus hunt-planner datasets,Archive PDF and downloadable boundary snapshot; diff controlled-hunt table by hunt number,controlled hunt 1144 multi-date restrictions; elk zone vs GMU; partial-unit boundary,2026-09-20
jurisdiction:us-il,IL,Illinois,authority:us-il-dnr,source:us-il-hunting,NATIONAL_DISCOVERY,State rules and annual seasons; detailed system not yet decomposed,County/Site,HTML,NOT_CERTIFIED,UNRESOLVED,UNRESOLVED,species; regulatory class; geography; season; method; bag; license/permit; residency; land status — state decomposition required,Migratory-bird framework and federal-land/refuge rules; state-specific dependency inventory pending,"Annual artifact, authoritative boundaries, source terms, and rule dimensions not yet certified",DISCOVERY_ONLY,NOT_ASSESSED,State rule model and authoritative geography contract not decomposed,Current official hunting hub identified; annual controlling artifact unresolved,Resolve annual artifact and update/correction channel before implementation,Pending state decomposition,2026-09-20
jurisdiction:us-in,IN,Indiana,authority:us-in-dnr,source:us-in-hunting,NATIONAL_DISCOVERY,State rules and annual seasons; detailed system not yet decomposed,County/Fish and Wildlife Area,HTML,NOT_CERTIFIED,UNRESOLVED,UNRESOLVED,species; regulatory class; geography; season; method; bag; license/permit; residency; land status — state decomposition required,Migratory-bird framework and federal-land/refuge rules; state-specific dependency inventory pending,"Annual artifact, authoritative boundaries, source terms, and rule dimensions not yet certified",DISCOVERY_ONLY,NOT_ASSESSED,State rule model and authoritative geography contract not decomposed,Current official hunting hub identified; annual controlling artifact unresolved,Resolve annual artifact and update/correction channel before implementation,Pending state decomposition,2026-09-20
jurisdiction:us-ia,IA,Iowa,authority:us-ia-dnr,source:us-ia-hunting,NATIONAL_DISCOVERY,State rules and annual seasons; detailed system not yet decomposed,Zone/County,HTML,NOT_CERTIFIED,UNRESOLVED,UNRESOLVED,species; regulatory class; geography; season; method; bag; license/permit; residency; land status — state decomposition required,Migratory-bird framework and federal-land/refuge rules; state-specific dependency inventory pending,"Annual artifact, authoritative boundaries, source terms, and rule dimensions not yet certified",DISCOVERY_ONLY,NOT_ASSESSED,State rule model and authoritative geography contract not decomposed,Current official hunting hub identified; annual controlling artifact unresolved,Resolve annual artifact and update/correction channel before implementation,Pending state decomposition,2026-09-20
jurisdiction:us-ks,KS,Kansas,authority:us-ks-kdwp,source:us-ks-hunting,NATIONAL_DISCOVERY,State rules and annual seasons; detailed system not yet decomposed,Deer Management Unit,HTML,NOT_CERTIFIED,UNRESOLVED,UNRESOLVED,species; regulatory class; geography; season; method; bag; license/permit; residency; land status — state decomposition required,Migratory-bird framework and federal-land/refuge rules; state-specific dependency inventory pending,"Annual artifact, authoritative boundaries, source terms, and rule dimensions not yet certified",DISCOVERY_ONLY,NOT_ASSESSED,State rule model and authoritative geography contract not decomposed,Current official hunting hub identified; annual controlling artifact unresolved,Resolve annual artifact and update/correction channel before implementation,Pending state decomposition,2026-09-20
jurisdiction:us-ky,KY,Kentucky,authority:us-ky-dfw,source:us-ky-hunting,NATIONAL_DISCOVERY,State rules and annual seasons; detailed system not yet decomposed,Zone/County,HTML,NOT_CERTIFIED,UNRESOLVED,UNRESOLVED,species; regulatory class; geography; season; method; bag; license/permit; residency; land status — state decomposition required,Migratory-bird framework and federal-land/refuge rules; state-specific dependency inventory pending,"Annual artifact, authoritative boundaries, source terms, and rule dimensions not yet certified",DISCOVERY_ONLY,NOT_ASSESSED,State rule model and authoritative geography contract not decomposed,Current official hunting hub identified; annual controlling artifact unresolved,Resolve annual artifact and update/correction channel before implementation,Pending state decomposition,2026-09-20
jurisdiction:us-la,LA,Louisiana,authority:us-la-wlf,source:us-la-hunting,NATIONAL_DISCOVERY,State rules and annual seasons; detailed system not yet decomposed,Area/Wildlife Management Area,HTML,NOT_CERTIFIED,UNRESOLVED,UNRESOLVED,species; regulatory class; geography; season; method; bag; license/permit; residency; land status — state decomposition required,Migratory-bird framework and federal-land/refuge rules; state-specific dependency inventory pending,"Annual artifact, authoritative boundaries, source terms, and rule dimensions not yet certified",DISCOVERY_ONLY,NOT_ASSESSED,State rule model and authoritative geography contract not decomposed,Current official hunting hub identified; annual controlling artifact unresolved,Resolve annual artifact and update/correction channel before implementation,Pending state decomposition,2026-09-20
jurisdiction:us-me,ME,Maine,authority:us-me-ifw,source:us-me-hunting,NATIONAL_DISCOVERY,State rules and annual seasons; detailed system not yet decomposed,Wildlife Management District (WMD),HTML,NOT_CERTIFIED,UNRESOLVED,UNRESOLVED,species; regulatory class; geography; season; method; bag; license/permit; residency; land status — state decomposition required,Migratory-bird framework and federal-land/refuge rules; state-specific dependency inventory pending,"Annual artifact, authoritative boundaries, source terms, and rule dimensions not yet certified",DISCOVERY_ONLY,NOT_ASSESSED,State rule model and authoritative geography contract not decomposed,Current official hunting hub identified; annual controlling artifact unresolved,Resolve annual artifact and update/correction channel before implementation,Pending state decomposition,2026-09-20
jurisdiction:us-md,MD,Maryland,authority:us-md-dnr,source:us-md-hunting,NATIONAL_DISCOVERY,State rules and annual seasons; detailed system not yet decomposed,Region/County,HTML,NOT_CERTIFIED,UNRESOLVED,UNRESOLVED,species; regulatory class; geography; season; method; bag; license/permit; residency; land status — state decomposition required,Migratory-bird framework and federal-land/refuge rules; state-specific dependency inventory pending,"Annual artifact, authoritative boundaries, source terms, and rule dimensions not yet certified",DISCOVERY_ONLY,NOT_ASSESSED,State rule model and authoritative geography contract not decomposed,Current official hunting hub identified; annual controlling artifact unresolved,Resolve annual artifact and update/correction channel before implementation,Pending state decomposition,2026-09-20
jurisdiction:us-ma,MA,Massachusetts,authority:us-ma-masswildlife,source:us-ma-hunting,NATIONAL_DISCOVERY,State rules and annual seasons; detailed system not yet decomposed,Wildlife Management Zone,HTML,NOT_CERTIFIED,UNRESOLVED,UNRESOLVED,species; regulatory class; geography; season; method; bag; license/permit; residency; land status — state decomposition required,Migratory-bird framework and federal-land/refuge rules; state-specific dependency inventory pending,"Annual artifact, authoritative boundaries, source terms, and rule dimensions not yet certified",DISCOVERY_ONLY,NOT_ASSESSED,State rule model and authoritative geography contract not decomposed,Current official hunting hub identified; annual controlling artifact unresolved,Resolve annual artifact and update/correction channel before implementation,Pending state decomposition,2026-09-20
jurisdiction:us-mi,MI,Michigan,authority:us-mi-dnr,source:us-mi-hunting,NATIONAL_DISCOVERY,State rules and annual seasons; detailed system not yet decomposed,Deer Management Unit (DMU),HTML,NOT_CERTIFIED,UNRESOLVED,UNRESOLVED,species; regulatory class; geography; season; method; bag; license/permit; residency; land status — state decomposition required,Migratory-bird framework and federal-land/refuge rules; state-specific dependency inventory pending,"Annual artifact, authoritative boundaries, source terms, and rule dimensions not yet certified",DISCOVERY_ONLY,NOT_ASSESSED,State rule model and authoritative geography contract not decomposed,Current official hunting hub identified; annual controlling artifact unresolved,Resolve annual artifact and update/correction channel before implementation,Pending state decomposition,2026-09-20
jurisdiction:us-mn,MN,Minnesota,authority:us-mn-dnr,source:us-mn-hunting,NATIONAL_DISCOVERY,State rules and annual seasons; detailed system not yet decomposed,Permit Area,HTML,NOT_CERTIFIED,UNRESOLVED,UNRESOLVED,species; regulatory class; geography; season; method; bag; license/permit; residency; land status — state decomposition required,Migratory-bird framework and federal-land/refuge rules; state-specific dependency inventory pending,"Annual artifact, authoritative boundaries, source terms, and rule dimensions not yet certified",DISCOVERY_ONLY,NOT_ASSESSED,State rule model and authoritative geography contract not decomposed,Current official hunting hub identified; annual controlling artifact unresolved,Resolve annual artifact and update/correction channel before implementation,Pending state decomposition,2026-09-20
jurisdiction:us-ms,MS,Mississippi,authority:us-ms-mdwfp,source:us-ms-hunting,NATIONAL_DISCOVERY,State rules and annual seasons; detailed system not yet decomposed,Zone/Wildlife Management Area,HTML,NOT_CERTIFIED,UNRESOLVED,UNRESOLVED,species; regulatory class; geography; season; method; bag; license/permit; residency; land status — state decomposition required,Migratory-bird framework and federal-land/refuge rules; state-specific dependency inventory pending,"Annual artifact, authoritative boundaries, source terms, and rule dimensions not yet certified",DISCOVERY_ONLY,NOT_ASSESSED,State rule model and authoritative geography contract not decomposed,Current official hunting hub identified; annual controlling artifact unresolved,Resolve annual artifact and update/correction channel before implementation,Pending state decomposition,2026-09-20
jurisdiction:us-mo,MO,Missouri,authority:us-mo-mdc,source:us-mo-hunting,NATIONAL_DISCOVERY,State rules and annual seasons; detailed system not yet decomposed,County/Zone,HTML,NOT_CERTIFIED,UNRESOLVED,UNRESOLVED,species; regulatory class; geography; season; method; bag; license/permit; residency; land status — state decomposition required,Migratory-bird framework and federal-land/refuge rules; state-specific dependency inventory pending,"Annual artifact, authoritative boundaries, source terms, and rule dimensions not yet certified",DISCOVERY_ONLY,NOT_ASSESSED,State rule model and authoritative geography contract not decomposed,Current official hunting hub identified; annual controlling artifact unresolved,Resolve annual artifact and update/correction channel before implementation,Pending state decomposition,2026-09-20
jurisdiction:us-mt,MT,Montana,authority:us-mt-fwp,source:us-mt-hunting,WAVE_1_DEEP,Species regulations + hunting district + license/permit + drawing + species exceptions,Species hunting districts; administrative regions; Block Management Areas and access overlays,HTML hub; annual species PDFs; separately adopted legal descriptions; interactive planner,OFFICIAL_PLANNER_AND_GIS_PAGE_FOUND_SERVICE_REVIEW_REQUIRED,Planner is guidance; regulations and commission-adopted legal descriptions control,UNRESOLVED,species; hunting district; license/permit; residency; draw; season; method; sex/age class; access program,USFS/BLM access; refuge-specific rules; tribal jurisdiction boundaries,District geometry is species-dependent; legal descriptions are separately versioned; planner disclaimer prevents legal substitution,RESEARCH_DEEP_GEOMETRY_VERSION_BLOCKED,PARTIAL_MAJOR_EXTENSION,species-to-district geometry binding; permit/draw identifiers; legal-description versioning; access overlays,Species booklets and annual hunting-district legal descriptions,Version commission-adopted boundaries and species booklets; diff planner only as a secondary signal,deer/elk district with license exception; district legal-description revision; Block Management access overlay,2026-09-20
jurisdiction:us-ne,NE,Nebraska,authority:us-ne-ngpc,source:us-ne-hunting,NATIONAL_DISCOVERY,State rules and annual seasons; detailed system not yet decomposed,Unit,HTML,NOT_CERTIFIED,UNRESOLVED,UNRESOLVED,species; regulatory class; geography; season; method; bag; license/permit; residency; land status — state decomposition required,Migratory-bird framework and federal-land/refuge rules; state-specific dependency inventory pending,"Annual artifact, authoritative boundaries, source terms, and rule dimensions not yet certified",DISCOVERY_ONLY,NOT_ASSESSED,State rule model and authoritative geography contract not decomposed,Current official hunting hub identified; annual controlling artifact unresolved,Resolve annual artifact and update/correction channel before implementation,Pending state decomposition,2026-09-20
jurisdiction:us-nv,NV,Nevada,authority:us-nv-ndow,source:us-nv-hunting,NATIONAL_DISCOVERY,State rules and annual seasons; detailed system not yet decomposed,Unit,HTML,NOT_CERTIFIED,UNRESOLVED,UNRESOLVED,species; regulatory class; geography; season; method; bag; license/permit; residency; land status — state decomposition required,Migratory-bird framework and federal-land/refuge rules; state-specific dependency inventory pending,"Annual artifact, authoritative boundaries, source terms, and rule dimensions not yet certified",DISCOVERY_ONLY,NOT_ASSESSED,State rule model and authoritative geography contract not decomposed,Current official hunting hub identified; annual controlling artifact unresolved,Resolve annual artifact and update/correction channel before implementation,Pending state decomposition,2026-09-20
jurisdiction:us-nh,NH,New Hampshire,authority:us-nh-fg,source:us-nh-hunting,NATIONAL_DISCOVERY,State rules and annual seasons; detailed system not yet decomposed,Wildlife Management Unit (WMU),HTML,NOT_CERTIFIED,UNRESOLVED,UNRESOLVED,species; regulatory class; geography; season; method; bag; license/permit; residency; land status — state decomposition required,Migratory-bird framework and federal-land/refuge rules; state-specific dependency inventory pending,"Annual artifact, authoritative boundaries, source terms, and rule dimensions not yet certified",DISCOVERY_ONLY,NOT_ASSESSED,State rule model and authoritative geography contract not decomposed,Current official hunting hub identified; annual controlling artifact unresolved,Resolve annual artifact and update/correction channel before implementation,Pending state decomposition,2026-09-20
jurisdiction:us-nj,NJ,New Jersey,authority:us-nj-fws,source:us-nj-hunting,NATIONAL_DISCOVERY,State rules and annual seasons; detailed system not yet decomposed,Deer/Turkey Management Zone,HTML,NOT_CERTIFIED,UNRESOLVED,UNRESOLVED,species; regulatory class; geography; season; method; bag; license/permit; residency; land status — state decomposition required,Migratory-bird framework and federal-land/refuge rules; state-specific dependency inventory pending,"Annual artifact, authoritative boundaries, source terms, and rule dimensions not yet certified",DISCOVERY_ONLY,NOT_ASSESSED,State rule model and authoritative geography contract not decomposed,Current official hunting hub identified; annual controlling artifact unresolved,Resolve annual artifact and update/correction channel before implementation,Pending state decomposition,2026-09-20
jurisdiction:us-nm,NM,New Mexico,authority:us-nm-dgf,source:us-nm-hunting,WAVE_1_DEEP,GMU + hunt code/license + draw or private-land authorization + species program,Game Management Units; species ranges; EPLUS/private-land units; Open Gate and state/federal/tribal land overlays,Annual PDF rule book; publication hub; unit PDFs; interactive maps; dated shapefile/KMZ download,OFFICIAL_SHAPEFILE_AND_KMZ_FOUND_STALE_2017,Statewide map says not for precise boundaries; rules and unit descriptions control,UNRESOLVED,species; GMU; hunt code; license type; draw; season; method; sex/age; residency; land status; private-land authorization,BLM/USFS; Valles Caldera/NPS; refuges; tribal licenses and lawful-possession documentation,Published downloadable GMU data is dated October 2017; private-land systems and tribal authority cannot be inferred from GMU,RESEARCH_DEEP_STALE_GIS_AND_LAND_BLOCKED,PARTIAL_MAJOR_EXTENSION,hunt code/license; private-land authorization; land/tribal scope; dated geometry provenance,Annual Hunting Rules and Information PDF plus unit descriptions and program pages,Archive rule book; compare legal descriptions against dated GIS; monitor EPLUS and land-access rule changes,GMU 48 description vs GIS; EPLUS private-land elk; tribal-land lawful-possession boundary,2026-09-20
jurisdiction:us-ny,NY,New York,authority:us-ny-dec,source:us-ny-hunting,NATIONAL_DISCOVERY,State rules and annual seasons; detailed system not yet decomposed,Wildlife Management Unit (WMU),HTML,NOT_CERTIFIED,UNRESOLVED,UNRESOLVED,species; regulatory class; geography; season; method; bag; license/permit; residency; land status — state decomposition required,Migratory-bird framework and federal-land/refuge rules; state-specific dependency inventory pending,"Annual artifact, authoritative boundaries, source terms, and rule dimensions not yet certified",DISCOVERY_ONLY,NOT_ASSESSED,State rule model and authoritative geography contract not decomposed,Current official hunting hub identified; annual controlling artifact unresolved,Resolve annual artifact and update/correction channel before implementation,Pending state decomposition,2026-09-20
jurisdiction:us-nc,NC,North Carolina,authority:us-nc-wrc,source:us-nc-hunting,NATIONAL_DISCOVERY,State rules and annual seasons; detailed system not yet decomposed,Zone/Game Land,HTML,NOT_CERTIFIED,UNRESOLVED,UNRESOLVED,species; regulatory class; geography; season; method; bag; license/permit; residency; land status — state decomposition required,Migratory-bird framework and federal-land/refuge rules; state-specific dependency inventory pending,"Annual artifact, authoritative boundaries, source terms, and rule dimensions not yet certified",DISCOVERY_ONLY,NOT_ASSESSED,State rule model and authoritative geography contract not decomposed,Current official hunting hub identified; annual controlling artifact unresolved,Resolve annual artifact and update/correction channel before implementation,Pending state decomposition,2026-09-20
jurisdiction:us-nd,ND,North Dakota,authority:us-nd-gf,source:us-nd-hunting,NATIONAL_DISCOVERY,State rules and annual seasons; detailed system not yet decomposed,Unit,HTML,NOT_CERTIFIED,UNRESOLVED,UNRESOLVED,species; regulatory class; geography; season; method; bag; license/permit; residency; land status — state decomposition required,Migratory-bird framework and federal-land/refuge rules; state-specific dependency inventory pending,"Annual artifact, authoritative boundaries, source terms, and rule dimensions not yet certified",DISCOVERY_ONLY,NOT_ASSESSED,State rule model and authoritative geography contract not decomposed,Current official hunting hub identified; annual controlling artifact unresolved,Resolve annual artifact and update/correction channel before implementation,Pending state decomposition,2026-09-20
jurisdiction:us-oh,OH,Ohio,authority:us-oh-dow,source:us-oh-hunting,NATIONAL_DISCOVERY,State rules and annual seasons; detailed system not yet decomposed,County/Wildlife Area,HTML,NOT_CERTIFIED,UNRESOLVED,UNRESOLVED,species; regulatory class; geography; season; method; bag; license/permit; residency; land status — state decomposition required,Migratory-bird framework and federal-land/refuge rules; state-specific dependency inventory pending,"Annual artifact, authoritative boundaries, source terms, and rule dimensions not yet certified",DISCOVERY_ONLY,NOT_ASSESSED,State rule model and authoritative geography contract not decomposed,Current official hunting hub identified; annual controlling artifact unresolved,Resolve annual artifact and update/correction channel before implementation,Pending state decomposition,2026-09-20
jurisdiction:us-ok,OK,Oklahoma,authority:us-ok-wd,source:us-ok-hunting,NATIONAL_DISCOVERY,State rules and annual seasons; detailed system not yet decomposed,Zone/Wildlife Management Area,HTML,NOT_CERTIFIED,UNRESOLVED,UNRESOLVED,species; regulatory class; geography; season; method; bag; license/permit; residency; land status — state decomposition required,Migratory-bird framework and federal-land/refuge rules; state-specific dependency inventory pending,"Annual artifact, authoritative boundaries, source terms, and rule dimensions not yet certified",DISCOVERY_ONLY,NOT_ASSESSED,State rule model and authoritative geography contract not decomposed,Current official hunting hub identified; annual controlling artifact unresolved,Resolve annual artifact and update/correction channel before implementation,Pending state decomposition,2026-09-20
jurisdiction:us-or,OR,Oregon,authority:us-or-odfw,source:us-or-hunting,NATIONAL_DISCOVERY,State rules and annual seasons; detailed system not yet decomposed,Wildlife Management Unit,PDF,NOT_CERTIFIED,UNRESOLVED,UNRESOLVED,species; regulatory class; geography; season; method; bag; license/permit; residency; land status — state decomposition required,Migratory-bird framework and federal-land/refuge rules; state-specific dependency inventory pending,"Annual artifact, authoritative boundaries, source terms, and rule dimensions not yet certified",DISCOVERY_ONLY,NOT_ASSESSED,State rule model and authoritative geography contract not decomposed,Current official hunting hub identified; annual controlling artifact unresolved,Resolve annual artifact and update/correction channel before implementation,Pending state decomposition,2026-09-20
jurisdiction:us-pa,PA,Pennsylvania,authority:us-pa-pgc,source:us-pa-hunting,NATIONAL_DISCOVERY,State rules and annual seasons; detailed system not yet decomposed,Wildlife Management Unit (WMU),HTML,NOT_CERTIFIED,UNRESOLVED,UNRESOLVED,species; regulatory class; geography; season; method; bag; license/permit; residency; land status — state decomposition required,Migratory-bird framework and federal-land/refuge rules; state-specific dependency inventory pending,"Annual artifact, authoritative boundaries, source terms, and rule dimensions not yet certified",DISCOVERY_ONLY,NOT_ASSESSED,State rule model and authoritative geography contract not decomposed,Current official hunting hub identified; annual controlling artifact unresolved,Resolve annual artifact and update/correction channel before implementation,Pending state decomposition,2026-09-20
jurisdiction:us-ri,RI,Rhode Island,authority:us-ri-dem,source:us-ri-hunting,NATIONAL_DISCOVERY,State rules and annual seasons; detailed system not yet decomposed,Zone/Management Area,HTML,NOT_CERTIFIED,UNRESOLVED,UNRESOLVED,species; regulatory class; geography; season; method; bag; license/permit; residency; land status — state decomposition required,Migratory-bird framework and federal-land/refuge rules; state-specific dependency inventory pending,"Annual artifact, authoritative boundaries, source terms, and rule dimensions not yet certified",DISCOVERY_ONLY,NOT_ASSESSED,State rule model and authoritative geography contract not decomposed,Current official hunting hub identified; annual controlling artifact unresolved,Resolve annual artifact and update/correction channel before implementation,Pending state decomposition,2026-09-20
jurisdiction:us-sc,SC,South Carolina,authority:us-sc-dnr,source:us-sc-hunting,NATIONAL_DISCOVERY,State rules and annual seasons; detailed system not yet decomposed,Game Zone/Wildlife Management Area,HTML,NOT_CERTIFIED,UNRESOLVED,UNRESOLVED,species; regulatory class; geography; season; method; bag; license/permit; residency; land status — state decomposition required,Migratory-bird framework and federal-land/refuge rules; state-specific dependency inventory pending,"Annual artifact, authoritative boundaries, source terms, and rule dimensions not yet certified",DISCOVERY_ONLY,NOT_ASSESSED,State rule model and authoritative geography contract not decomposed,Current official hunting hub identified; annual controlling artifact unresolved,Resolve annual artifact and update/correction channel before implementation,Pending state decomposition,2026-09-20
jurisdiction:us-sd,SD,South Dakota,authority:us-sd-gfp,source:us-sd-hunting,NATIONAL_DISCOVERY,State rules and annual seasons; detailed system not yet decomposed,Unit,HTML,NOT_CERTIFIED,UNRESOLVED,UNRESOLVED,species; regulatory class; geography; season; method; bag; license/permit; residency; land status — state decomposition required,Migratory-bird framework and federal-land/refuge rules; state-specific dependency inventory pending,"Annual artifact, authoritative boundaries, source terms, and rule dimensions not yet certified",DISCOVERY_ONLY,NOT_ASSESSED,State rule model and authoritative geography contract not decomposed,Current official hunting hub identified; annual controlling artifact unresolved,Resolve annual artifact and update/correction channel before implementation,Pending state decomposition,2026-09-20
jurisdiction:us-tn,TN,Tennessee,authority:us-tn-twra,source:us-tn-hunting,NATIONAL_DISCOVERY,State rules and annual seasons; detailed system not yet decomposed,Unit/Zone/Wildlife Management Area,HTML,NOT_CERTIFIED,UNRESOLVED,UNRESOLVED,species; regulatory class; geography; season; method; bag; license/permit; residency; land status — state decomposition required,Migratory-bird framework and federal-land/refuge rules; state-specific dependency inventory pending,"Annual artifact, authoritative boundaries, source terms, and rule dimensions not yet certified",DISCOVERY_ONLY,NOT_ASSESSED,State rule model and authoritative geography contract not decomposed,Current official hunting hub identified; annual controlling artifact unresolved,Resolve annual artifact and update/correction channel before implementation,Pending state decomposition,2026-09-20
jurisdiction:us-tx,TX,Texas,authority:us-tx-tpwd,source:us-tx-hunting,NATIONAL_DISCOVERY,State rules and annual seasons; detailed system not yet decomposed,County/Zone/Wildlife Management Area,HTML,NOT_CERTIFIED,UNRESOLVED,UNRESOLVED,species; regulatory class; geography; season; method; bag; license/permit; residency; land status — state decomposition required,Migratory-bird framework and federal-land/refuge rules; state-specific dependency inventory pending,"Annual artifact, authoritative boundaries, source terms, and rule dimensions not yet certified",DISCOVERY_ONLY,NOT_ASSESSED,State rule model and authoritative geography contract not decomposed,Current official hunting hub identified; annual controlling artifact unresolved,Resolve annual artifact and update/correction channel before implementation,Pending state decomposition,2026-09-20
jurisdiction:us-ut,UT,Utah,authority:us-ut-dwr,source:us-ut-hunting,WAVE_1_DEEP,Hunt/permit code + species + unit/boundary + general/limited-entry/CWMU + draw,Species hunt units; limited-entry and antlerless boundaries; CWMUs; extended-archery areas,Versioned PDF guidebooks; correction log; interactive hunt-boundary application; mobile permit maps,OFFICIAL_INTERACTIVE_BOUNDARIES_FOUND_DOWNLOAD_AND_TERMS_UNRESOLVED,Guidebooks summarize statute/rules; legal rules and current boundary descriptions govern,UNRESOLVED,species; hunt code; unit; permit class; sex/age; season; method; draw; CWMU/private land; correction version,USFS/BLM; refuge/park restrictions; tribal land permissions,Guidebooks receive dated corrections; CWMU and extended-archery geometries are independent overlays; boundary API not certified,RESEARCH_DEEP_API_AND_CORRECTIONS_BLOCKED,PARTIAL_MAJOR_EXTENSION,hunt/permit codes; program-specific geometry; corrections ledger; draw and private-land eligibility,Versioned application and field guidebooks plus correction entries,Poll version and corrections metadata; snapshot boundary descriptions and map service,deleted CWMU hunt correction; extended-archery overlay; general vs limited-entry permit,2026-09-20
jurisdiction:us-vt,VT,Vermont,authority:us-vt-fw,source:us-vt-hunting,NATIONAL_DISCOVERY,State rules and annual seasons; detailed system not yet decomposed,Wildlife Management Unit (WMU),HTML,NOT_CERTIFIED,UNRESOLVED,UNRESOLVED,species; regulatory class; geography; season; method; bag; license/permit; residency; land status — state decomposition required,Migratory-bird framework and federal-land/refuge rules; state-specific dependency inventory pending,"Annual artifact, authoritative boundaries, source terms, and rule dimensions not yet certified",DISCOVERY_ONLY,NOT_ASSESSED,State rule model and authoritative geography contract not decomposed,Current official hunting hub identified; annual controlling artifact unresolved,Resolve annual artifact and update/correction channel before implementation,Pending state decomposition,2026-09-20
jurisdiction:us-va,VA,Virginia,authority:us-va-dwr,source:us-va-hunting,NATIONAL_DISCOVERY,State rules and annual seasons; detailed system not yet decomposed,County/Management Area,HTML,NOT_CERTIFIED,UNRESOLVED,UNRESOLVED,species; regulatory class; geography; season; method; bag; license/permit; residency; land status — state decomposition required,Migratory-bird framework and federal-land/refuge rules; state-specific dependency inventory pending,"Annual artifact, authoritative boundaries, source terms, and rule dimensions not yet certified",DISCOVERY_ONLY,NOT_ASSESSED,State rule model and authoritative geography contract not decomposed,Current official hunting hub identified; annual controlling artifact unresolved,Resolve annual artifact and update/correction channel before implementation,Pending state decomposition,2026-09-20
jurisdiction:us-wa,WA,Washington,authority:us-wa-wdfw,source:us-wa-hunting,NATIONAL_DISCOVERY,State rules and annual seasons; detailed system not yet decomposed,Game Management Unit (GMU),HTML,NOT_CERTIFIED,UNRESOLVED,UNRESOLVED,species; regulatory class; geography; season; method; bag; license/permit; residency; land status — state decomposition required,Migratory-bird framework and federal-land/refuge rules; state-specific dependency inventory pending,"Annual artifact, authoritative boundaries, source terms, and rule dimensions not yet certified",DISCOVERY_ONLY,NOT_ASSESSED,State rule model and authoritative geography contract not decomposed,Current official hunting hub identified; annual controlling artifact unresolved,Resolve annual artifact and update/correction channel before implementation,Pending state decomposition,2026-09-20
jurisdiction:us-wv,WV,West Virginia,authority:us-wv-dnr,source:us-wv-hunting,NATIONAL_DISCOVERY,State rules and annual seasons; detailed system not yet decomposed,County/Wildlife Management Area,HTML,NOT_CERTIFIED,UNRESOLVED,UNRESOLVED,species; regulatory class; geography; season; method; bag; license/permit; residency; land status — state decomposition required,Migratory-bird framework and federal-land/refuge rules; state-specific dependency inventory pending,"Annual artifact, authoritative boundaries, source terms, and rule dimensions not yet certified",DISCOVERY_ONLY,NOT_ASSESSED,State rule model and authoritative geography contract not decomposed,Current official hunting hub identified; annual controlling artifact unresolved,Resolve annual artifact and update/correction channel before implementation,Pending state decomposition,2026-09-20
jurisdiction:us-wi,WI,Wisconsin,authority:us-wi-dnr,source:us-wi-hunting,NATIONAL_DISCOVERY,State rules and annual seasons; detailed system not yet decomposed,Deer Management Unit/Zone,HTML,NOT_CERTIFIED,UNRESOLVED,UNRESOLVED,species; regulatory class; geography; season; method; bag; license/permit; residency; land status — state decomposition required,Migratory-bird framework and federal-land/refuge rules; state-specific dependency inventory pending,"Annual artifact, authoritative boundaries, source terms, and rule dimensions not yet certified",DISCOVERY_ONLY,NOT_ASSESSED,State rule model and authoritative geography contract not decomposed,Current official hunting hub identified; annual controlling artifact unresolved,Resolve annual artifact and update/correction channel before implementation,Pending state decomposition,2026-09-20
jurisdiction:us-wy,WY,Wyoming,authority:us-wy-wgfd,source:us-wy-hunting,WAVE_1_DEEP,Species-specific hunt area + license type + quota/limitation + season chapter,Species-specific hunt areas; nonresident regions; HMAs/WHMAs/walk-in areas; wilderness overlays,HTML regulation index; chapter PDFs; species maps; brochures; access-area rules,OFFICIAL_MAPS_FOUND_DOWNLOAD_CONTRACT_UNRESOLVED,Written hunt-area descriptions are authoritative; maps state they are general reference,UNRESOLVED,species; hunt area; license type; quota; sex/age class; season; method; residency; special permit; access property,National Elk Refuge; USFS/BLM; wilderness guide rule for nonresidents; refuge permits,Species-specific geometries cannot be replaced by one statewide unit layer; written descriptions must be retained and versioned,RESEARCH_DEEP_LEGAL_GEOMETRY_BLOCKED,PARTIAL_MAJOR_EXTENSION,species-specific geography versions; license types and quotas; property permission; written-description authority,"Species season chapters, maps, brochures, and access-property rules",Diff chapter rules and written boundaries; treat map changes as advisory until reconciled,elk Area 77 + National Elk Refuge permit; limited-quota vs general region; species-specific area mismatch,2026-09-20
