species_id,status,jurisdiction_ids,text,source_authority,source_title,source_url,reviewed
species:whooping-crane,ENDANGERED,jurisdiction:ca-federal,Listed as Endangered on Schedule 1 of the Species at Risk Act.,Environment and Climate Change Canada,Recovery Strategy for the Whooping Crane (Species at Risk Public Registry),https://www.canada.ca/en/environment-climate-change/services/species-risk-public-registry/recovery-strategies/whooping-crane.html,2026-09-30
species:trumpeter-swan,PROTECTED,jurisdiction:us-wy,Wyoming protects trumpeter swans.,Wyoming Game and Fish Department,2026 Wyoming Upland Game Bird and Small Game Hunting Regulations,https://wgfd.wyo.gov/media/33031/download?inline,2026-09-30
species:trumpeter-swan,CLOSED_TO_TAKE,jurisdiction:us-ut,"Taking trumpeter swans is illegal in Utah, although the federal swan framework allots Utah a quota.",Utah Division of Wildlife Resources,"2026-27 Waterfowl, Upland Game and Turkey Guidebook",https://wildlife.utah.gov/guidebooks/waterfowl-upland-game-turkey-guidebook.pdf,2026-09-30
species:trumpeter-swan,CLOSED_TO_TAKE,jurisdiction:us-ak,Trumpeter swans are closed statewide.,Alaska Department of Fish and Game,2026-2027 Alaska Migratory Game Bird Hunting Regulations,https://www.adfg.alaska.gov/static/regulations/wildliferegulations/pdfs/waterfowl.pdf,2026-09-30
species:trumpeter-swan,PROTECTED,jurisdiction:us-wa,Swans are protected by federal and state law and closed to harvest.,Washington Department of Fish and Wildlife,2026 Washington Game Bird and Small Game Hunting Regulations,https://www.eregulations.com/assets/docs/guides/26WAGB-LR2.pdf,2026-09-30
species:stellers-eider,THREATENED,jurisdiction:us-federal,The Alaska-breeding population is listed as threatened under the Endangered Species Act.,U.S. Fish and Wildlife Service,Migratory Bird Subsistence Harvest in Alaska (91 FR 37336),https://www.federalregister.gov/documents/2026/06/23/2026-12576/migratory-bird-subsistence-harvest-in-alaska,2026-09-30
species:stellers-eider,CLOSED_TO_TAKE,jurisdiction:us-ak,Steller's eiders are closed statewide.,Alaska Department of Fish and Game,2026-2027 Alaska Migratory Game Bird Hunting Regulations,https://www.adfg.alaska.gov/static/regulations/wildliferegulations/pdfs/waterfowl.pdf,2026-09-30
species:spectacled-eider,THREATENED,jurisdiction:us-federal,Listed as threatened under the Endangered Species Act.,U.S. Fish and Wildlife Service,Migratory Bird Subsistence Harvest in Alaska (91 FR 37336),https://www.federalregister.gov/documents/2026/06/23/2026-12576/migratory-bird-subsistence-harvest-in-alaska,2026-09-30
species:spectacled-eider,CLOSED_TO_TAKE,jurisdiction:us-ak,Spectacled eiders are closed statewide.,Alaska Department of Fish and Game,2026-2027 Alaska Migratory Game Bird Hunting Regulations,https://www.adfg.alaska.gov/static/regulations/wildliferegulations/pdfs/waterfowl.pdf,2026-09-30
species:gunnison-sage-grouse,THREATENED,jurisdiction:us-federal,Listed as threatened under the Endangered Species Act by the 2014 final rule.,U.S. Fish and Wildlife Service,Threatened Status for Gunnison Sage-Grouse (79 FR 69192),https://www.federalregister.gov/documents/2014/11/20/2014-27109/endangered-and-threatened-wildlife-and-plants-threatened-status-for-gunnison-sage-grouse,2026-09-30
species:gunnison-sage-grouse,CLOSED_TO_TAKE,jurisdiction:us-co,Colorado sets no season and no bag limit for Gunnison sage-grouse.,Colorado Parks and Wildlife,2 CCR 406-3 Chapter W-3 Furbearers and Small Game,https://cpw.widen.net/s/kmpdszcx6j/ch03,2026-09-30
