mapping_id,jurisdiction_id,official_term,normalized_group_id,included_species_ids,membership_status,authority_id,source_id,effective_period,verification_status,notes
mapping:ca-fed-migratory,jurisdiction:ca-federal,Migratory game birds,species_group:waterfowl|species_group:upland-game-birds,,PARTIAL,authority:ca-eccc,source:ca-eccc-mgb-2026-27,2026-2027,SOURCE_FOUND,Federal schedule membership must be resolved species by species
mapping:ca-ab-big-game,jurisdiction:ca-ab,Big game,species_group:ungulates|species_group:bears,species:elk|species:moose|species:white-tailed-deer|species:mule-deer|species:american-black-bear,PARTIAL,authority:ca-ab-epa,source:ca-ab-hunting,current_hub,NEEDS_REVIEW,Representative members only; do not infer omissions
mapping:ca-bc-big-game,jurisdiction:ca-bc,Big game,species_group:ungulates|species_group:bears,species:elk|species:moose|species:mule-deer|species:american-black-bear,PARTIAL,authority:ca-bc-wlrs,source:ca-bc-synopsis-2024-26,2024-2026,NEEDS_REVIEW,Black-tailed deer is retained under the mule-deer species entity; refresh against next synopsis
mapping:ca-mb-big-game,jurisdiction:ca-mb,Big game,species_group:ungulates|species_group:bears,species:elk|species:moose|species:white-tailed-deer|species:american-black-bear,PARTIAL,authority:ca-mb-nrif,source:ca-mb-hunting-2026,2026,NEEDS_REVIEW,Representative members only
mapping:ca-nb-game,jurisdiction:ca-nb,Game,species_group:ungulates|species_group:bears|species_group:small-game,,UNRESOLVED,authority:ca-nb-nred,source:ca-nb-hunt-trap,current_hub,NEEDS_REVIEW,Extract official subgroups before content use
mapping:ca-nl-big-game,jurisdiction:ca-nl,Big game,species_group:ungulates|species_group:bears,species:moose|species:caribou|species:american-black-bear,PARTIAL,authority:ca-nl-fal,source:ca-nl-guide-2026-27,2026-2027,SOURCE_FOUND,Species-specific areas remain separate
mapping:ca-nt-big-game,jurisdiction:ca-nt,Big game,species_group:ungulates|species_group:bears,species:caribou|species:moose|species:muskox|species:dall-sheep|species:american-black-bear,PARTIAL,authority:ca-nt-ecc,source:ca-nt-summary-2026-27,2026-2027,NEEDS_REVIEW,Harvest rights and residency classes must remain separate
mapping:ca-ns-game,jurisdiction:ca-ns,Game,species_group:ungulates|species_group:bears|species_group:small-game,,UNRESOLVED,authority:ca-ns-nr,source:ca-ns-summary,current,NEEDS_REVIEW,Extract official subgroups
mapping:ca-nu-big-game,jurisdiction:ca-nu,Big game,species_group:ungulates|species_group:bears,species:caribou|species:muskox|species:polar-bear,PARTIAL,authority:ca-nu-env,source:ca-nu-guide-2026-27,2026-2027,NEEDS_REVIEW,Co-management and beneficiary frameworks control access
mapping:ca-on-big-game,jurisdiction:ca-on,Big game,species_group:ungulates|species_group:bears,species:moose|species:white-tailed-deer|species:elk|species:american-black-bear,PARTIAL,authority:ca-on-mnr,source:ca-on-summary-2026,2026,SOURCE_FOUND,Representative membership from annual summary
mapping:ca-pe-game,jurisdiction:ca-pe,Game,species_group:small-game|species_group:upland-game-birds,,UNRESOLVED,authority:ca-pe-ffw,source:ca-pe-summary-2026,2026,NEEDS_REVIEW,Extract exact schedule membership
mapping:ca-qc-big-game,jurisdiction:ca-qc,Gros gibier,species_group:ungulates|species_group:bears,species:moose|species:white-tailed-deer|species:caribou|species:american-black-bear,PARTIAL,authority:ca-qc-mffp,source:ca-qc-seasons-2026,2026,NEEDS_REVIEW,French official terminology is authoritative
mapping:ca-sk-big-game,jurisdiction:ca-sk,Big game,species_group:ungulates|species_group:bears,species:elk|species:moose|species:white-tailed-deer|species:mule-deer|species:american-black-bear,PARTIAL,authority:ca-sk-env,source:ca-sk-hunting,current_hub,NEEDS_REVIEW,Representative members only
mapping:ca-yt-big-game,jurisdiction:ca-yt,Big game,species_group:ungulates|species_group:bears,species:caribou|species:moose|species:elk|species:dall-sheep|species:american-black-bear,PARTIAL,authority:ca-yt-env,source:ca-yt-regulations-2026-27,2026-2027,SOURCE_FOUND,Representative members from current regulation guide
mapping:us-fed-migratory,jurisdiction:us-federal,Migratory game birds,species_group:waterfowl|species_group:upland-game-birds,,PARTIAL,authority:us-fws,source:us-fws-migratory,current,SOURCE_FOUND,Federal framework overlaps state seasons and licensing
mapping:us-al-game,jurisdiction:us-al,Game,species_group:ungulates|species_group:small-game|species_group:upland-game-birds,,UNRESOLVED,authority:us-al-dcnr,source:us-al-hunting,current_hub,NEEDS_REVIEW,Extract exact state classification
mapping:us-ak-big-game,jurisdiction:us-ak,Big game,species_group:ungulates|species_group:bears,,UNRESOLVED,authority:us-ak-adfg,source:us-ak-hunting,current_hub,NEEDS_REVIEW,Unit and residency rules vary
mapping:us-az-big-game,jurisdiction:us-az,Big game,species_group:ungulates|species_group:bears,,UNRESOLVED,authority:us-az-gfd,source:us-az-hunting,current_hub,NEEDS_REVIEW,Commission orders define operative membership
mapping:us-ar-game,jurisdiction:us-ar,Game,species_group:ungulates|species_group:small-game|species_group:upland-game-birds,,UNRESOLVED,authority:us-ar-agfc,source:us-ar-hunting,current_hub,NEEDS_REVIEW,
mapping:us-ca-big-game,jurisdiction:us-ca,Big game,species_group:ungulates|species_group:bears,,UNRESOLVED,authority:us-ca-cdfw,source:us-ca-hunting,current_hub,NEEDS_REVIEW,Title 14 controls legal definitions
mapping:us-co-big-game,jurisdiction:us-co,Big game,species_group:ungulates|species_group:bears,,UNRESOLVED,authority:us-co-cpw,source:us-co-hunting,current_hub,NEEDS_REVIEW,Annual brochures and commission regulations overlap
mapping:us-ct-game,jurisdiction:us-ct,Game,species_group:ungulates|species_group:small-game|species_group:upland-game-birds,,UNRESOLVED,authority:us-ct-deep,source:us-ct-hunting,2026,NEEDS_REVIEW,
mapping:us-de-game,jurisdiction:us-de,Game,species_group:ungulates|species_group:small-game|species_group:upland-game-birds,,UNRESOLVED,authority:us-de-dnrec,source:us-de-hunting,current_hub,NEEDS_REVIEW,
mapping:us-dc-game,jurisdiction:us-dc,Game,,,UNRESOLVED,authority:us-dc-doee,source:us-dc-wildlife,current,NEEDS_REVIEW,No recreational-hunting classification established
mapping:us-fl-game,jurisdiction:us-fl,Game,species_group:ungulates|species_group:small-game|species_group:upland-game-birds,,UNRESOLVED,authority:us-fl-fwc,source:us-fl-hunting,current_hub,NEEDS_REVIEW,
mapping:us-ga-game,jurisdiction:us-ga,Game,species_group:ungulates|species_group:small-game|species_group:upland-game-birds,,UNRESOLVED,authority:us-ga-dnr,source:us-ga-hunting,current_hub,NEEDS_REVIEW,
mapping:us-hi-game-mammals,jurisdiction:us-hi,Game mammals,species_group:ungulates|species_group:exotic-big-game,,UNRESOLVED,authority:us-hi-dofaw,source:us-hi-hunting,current_hub,NEEDS_REVIEW,Island and public-area rules vary
mapping:us-id-big-game,jurisdiction:us-id,Big game,species_group:ungulates|species_group:bears,,UNRESOLVED,authority:us-id-fg,source:us-id-hunting,current_hub,NEEDS_REVIEW,
mapping:us-il-game,jurisdiction:us-il,Game,species_group:ungulates|species_group:small-game|species_group:upland-game-birds,,UNRESOLVED,authority:us-il-dnr,source:us-il-hunting,current_hub,NEEDS_REVIEW,
mapping:us-in-game,jurisdiction:us-in,Game,species_group:ungulates|species_group:small-game|species_group:upland-game-birds,,UNRESOLVED,authority:us-in-dnr,source:us-in-hunting,current_hub,NEEDS_REVIEW,
mapping:us-ia-game,jurisdiction:us-ia,Game,species_group:ungulates|species_group:small-game|species_group:upland-game-birds,,UNRESOLVED,authority:us-ia-dnr,source:us-ia-hunting,2025-2026,NEEDS_REVIEW,
mapping:us-ks-game,jurisdiction:us-ks,Game,species_group:ungulates|species_group:small-game|species_group:upland-game-birds,,UNRESOLVED,authority:us-ks-kdwp,source:us-ks-hunting,current_hub,NEEDS_REVIEW,
mapping:us-ky-game,jurisdiction:us-ky,Game,species_group:ungulates|species_group:small-game|species_group:upland-game-birds,,UNRESOLVED,authority:us-ky-dfw,source:us-ky-hunting,current_hub,NEEDS_REVIEW,
mapping:us-la-game,jurisdiction:us-la,Game,species_group:ungulates|species_group:small-game|species_group:upland-game-birds,,UNRESOLVED,authority:us-la-wlf,source:us-la-hunting,current_hub,NEEDS_REVIEW,
mapping:us-me-big-game,jurisdiction:us-me,Big game,species_group:ungulates|species_group:bears,,UNRESOLVED,authority:us-me-ifw,source:us-me-hunting,current_hub,NEEDS_REVIEW,
mapping:us-md-game,jurisdiction:us-md,Game,species_group:ungulates|species_group:small-game|species_group:upland-game-birds,,UNRESOLVED,authority:us-md-dnr,source:us-md-hunting,current_hub,NEEDS_REVIEW,
mapping:us-ma-game,jurisdiction:us-ma,Game,species_group:ungulates|species_group:small-game|species_group:upland-game-birds,,UNRESOLVED,authority:us-ma-masswildlife,source:us-ma-hunting,current_hub,NEEDS_REVIEW,
mapping:us-mi-game,jurisdiction:us-mi,Game,species_group:ungulates|species_group:small-game|species_group:upland-game-birds,,UNRESOLVED,authority:us-mi-dnr,source:us-mi-hunting,current_hub,NEEDS_REVIEW,
mapping:us-mn-game,jurisdiction:us-mn,Game,species_group:ungulates|species_group:small-game|species_group:upland-game-birds,,UNRESOLVED,authority:us-mn-dnr,source:us-mn-hunting,current_hub,NEEDS_REVIEW,
mapping:us-ms-game,jurisdiction:us-ms,Game,species_group:ungulates|species_group:small-game|species_group:upland-game-birds,,UNRESOLVED,authority:us-ms-mdwfp,source:us-ms-hunting,current_hub,NEEDS_REVIEW,
mapping:us-mo-game,jurisdiction:us-mo,Game,species_group:ungulates|species_group:small-game|species_group:upland-game-birds,,UNRESOLVED,authority:us-mo-mdc,source:us-mo-hunting,current_hub,NEEDS_REVIEW,
mapping:us-mt-game,jurisdiction:us-mt,Game,species_group:ungulates|species_group:bears|species_group:upland-game-birds,,UNRESOLVED,authority:us-mt-fwp,source:us-mt-hunting,current_hub,NEEDS_REVIEW,
mapping:us-ne-game,jurisdiction:us-ne,Game,species_group:ungulates|species_group:small-game|species_group:upland-game-birds,,UNRESOLVED,authority:us-ne-ngpc,source:us-ne-hunting,current_hub,NEEDS_REVIEW,
mapping:us-nv-big-game,jurisdiction:us-nv,Big game,species_group:ungulates|species_group:bears,,UNRESOLVED,authority:us-nv-ndow,source:us-nv-hunting,current_hub,NEEDS_REVIEW,
mapping:us-nh-game,jurisdiction:us-nh,Game,species_group:ungulates|species_group:small-game|species_group:upland-game-birds,,UNRESOLVED,authority:us-nh-fg,source:us-nh-hunting,current_hub,NEEDS_REVIEW,
mapping:us-nj-game,jurisdiction:us-nj,Game,species_group:ungulates|species_group:small-game|species_group:upland-game-birds,,UNRESOLVED,authority:us-nj-fws,source:us-nj-hunting,current_hub,NEEDS_REVIEW,
mapping:us-nm-big-game,jurisdiction:us-nm,Big game,species_group:ungulates|species_group:bears,,UNRESOLVED,authority:us-nm-dgf,source:us-nm-hunting,current_hub,NEEDS_REVIEW,
mapping:us-ny-game,jurisdiction:us-ny,Game,species_group:ungulates|species_group:small-game|species_group:upland-game-birds,,UNRESOLVED,authority:us-ny-dec,source:us-ny-hunting,current_hub,NEEDS_REVIEW,
mapping:us-nc-game,jurisdiction:us-nc,Game,species_group:ungulates|species_group:small-game|species_group:upland-game-birds,,UNRESOLVED,authority:us-nc-wrc,source:us-nc-hunting,current_hub,NEEDS_REVIEW,
mapping:us-nd-game,jurisdiction:us-nd,Game,species_group:ungulates|species_group:small-game|species_group:upland-game-birds,,UNRESOLVED,authority:us-nd-gf,source:us-nd-hunting,current_hub,NEEDS_REVIEW,
mapping:us-oh-game,jurisdiction:us-oh,Game quadrupeds and game birds,species_group:ungulates|species_group:small-game|species_group:upland-game-birds,,UNRESOLVED,authority:us-oh-dow,source:us-oh-hunting,current_consolidation,NEEDS_REVIEW,Code definitions require exact extraction
mapping:us-ok-game,jurisdiction:us-ok,Game,species_group:ungulates|species_group:small-game|species_group:upland-game-birds,,UNRESOLVED,authority:us-ok-wd,source:us-ok-hunting,current_hub,NEEDS_REVIEW,
mapping:us-or-game,jurisdiction:us-or,Game mammals and game birds,species_group:ungulates|species_group:bears|species_group:upland-game-birds,,UNRESOLVED,authority:us-or-odfw,source:us-or-hunting,2026,NEEDS_REVIEW,
mapping:us-pa-game,jurisdiction:us-pa,Game,species_group:ungulates|species_group:small-game|species_group:upland-game-birds,,UNRESOLVED,authority:us-pa-pgc,source:us-pa-hunting,current_hub,NEEDS_REVIEW,
mapping:us-ri-game,jurisdiction:us-ri,Game,species_group:ungulates|species_group:small-game|species_group:upland-game-birds,,UNRESOLVED,authority:us-ri-dem,source:us-ri-hunting,current_hub,NEEDS_REVIEW,
mapping:us-sc-game,jurisdiction:us-sc,Game,species_group:ungulates|species_group:small-game|species_group:upland-game-birds,,UNRESOLVED,authority:us-sc-dnr,source:us-sc-hunting,current_hub,NEEDS_REVIEW,
mapping:us-sd-game,jurisdiction:us-sd,Game,species_group:ungulates|species_group:small-game|species_group:upland-game-birds,,UNRESOLVED,authority:us-sd-gfp,source:us-sd-hunting,current_hub,NEEDS_REVIEW,
mapping:us-tn-game,jurisdiction:us-tn,Game,species_group:ungulates|species_group:small-game|species_group:upland-game-birds,,UNRESOLVED,authority:us-tn-twra,source:us-tn-hunting,current_hub,NEEDS_REVIEW,
mapping:us-tx-game,jurisdiction:us-tx,Game animals and game birds,species_group:ungulates|species_group:small-game|species_group:upland-game-birds,,UNRESOLVED,authority:us-tx-tpwd,source:us-tx-hunting,current_hub,NEEDS_REVIEW,County rules vary
mapping:us-ut-big-game,jurisdiction:us-ut,Big game,species_group:ungulates|species_group:bears,,UNRESOLVED,authority:us-ut-dwr,source:us-ut-hunting,2026,NEEDS_REVIEW,
mapping:us-vt-game,jurisdiction:us-vt,Game,species_group:ungulates|species_group:small-game|species_group:upland-game-birds,,UNRESOLVED,authority:us-vt-fw,source:us-vt-hunting,current_hub,NEEDS_REVIEW,
mapping:us-va-game,jurisdiction:us-va,Game,species_group:ungulates|species_group:small-game|species_group:upland-game-birds,,UNRESOLVED,authority:us-va-dwr,source:us-va-hunting,current_hub,NEEDS_REVIEW,
mapping:us-wa-game,jurisdiction:us-wa,Game,species_group:ungulates|species_group:bears|species_group:upland-game-birds,,UNRESOLVED,authority:us-wa-wdfw,source:us-wa-hunting,current_hub,NEEDS_REVIEW,
mapping:us-wv-game,jurisdiction:us-wv,Game,species_group:ungulates|species_group:small-game|species_group:upland-game-birds,,UNRESOLVED,authority:us-wv-dnr,source:us-wv-hunting,current_hub,NEEDS_REVIEW,
mapping:us-wi-game,jurisdiction:us-wi,Game,species_group:ungulates|species_group:small-game|species_group:upland-game-birds,,UNRESOLVED,authority:us-wi-dnr,source:us-wi-hunting,current_hub,NEEDS_REVIEW,
mapping:us-wy-game,jurisdiction:us-wy,Game,species_group:ungulates|species_group:bears|species_group:upland-game-birds,,UNRESOLVED,authority:us-wy-wgfd,source:us-wy-hunting,current_hub,NEEDS_REVIEW,
