evidence_id,species_id,country_code,jurisdiction_id,relationship_status,regulatory_classification,authority_id,official_species_name,official_group_name,source_id,effective_period,retrieved_at,evidence_note,verification_status,notes
evidence:ca-fed-american-woodcock-2026,species:american-woodcock,CA,jurisdiction:ca-federal,DOCUMENTED_HUNTING,MIGRATORY_GAME_BIRD,authority:ca-eccc,Woodcock,Migratory game birds,source:ca-eccc-mgb-2026-27,2026-2027,2026-09-20,Federal summary provides open-season and limit tables by province/territory,SOURCE_FOUND,Provincial/territorial requirements also apply
evidence:ca-fed-wilsons-snipe-2026,species:wilsons-snipe,CA,jurisdiction:ca-federal,DOCUMENTED_HUNTING,MIGRATORY_GAME_BIRD,authority:ca-eccc,Snipe,Migratory game birds,source:ca-eccc-mgb-2026-27,2026-2027,2026-09-20,Federal summary provides open-season and limit tables by province/territory,SOURCE_FOUND,Provincial/territorial requirements also apply
evidence:ca-fed-mallard-2026,species:mallard,CA,jurisdiction:ca-federal,DOCUMENTED_HUNTING,MIGRATORY_GAME_BIRD,authority:ca-eccc,Mallard,Ducks,source:ca-eccc-mgb-2026-27,2026-2027,2026-09-20,Federal summaries regulate ducks by district and sometimes species-specific limits,SOURCE_FOUND,Does not imply every district is open
evidence:ca-fed-canada-goose-2026,species:canada-goose,CA,jurisdiction:ca-federal,DOCUMENTED_HUNTING,MIGRATORY_GAME_BIRD,authority:ca-eccc,Canada Goose,Geese,source:ca-eccc-mgb-2026-27,2026-2027,2026-09-20,Federal summaries include Canada/Cackling Goose seasons and limits,SOURCE_FOUND,Population and district restrictions apply
evidence:ca-fed-cackling-goose-2026,species:cackling-goose,CA,jurisdiction:ca-federal,DOCUMENTED_HUNTING,MIGRATORY_GAME_BIRD,authority:ca-eccc,Cackling Goose,Geese,source:ca-eccc-mgb-2026-27,2026-2027,2026-09-20,Federal summaries include Canada/Cackling Goose seasons and limits,SOURCE_FOUND,Often grouped with Canada Goose in tables
evidence:ca-fed-snow-goose-2026,species:snow-goose,CA,jurisdiction:ca-federal,DOCUMENTED_HUNTING,MIGRATORY_GAME_BIRD,authority:ca-eccc,Snow Goose,Geese,source:ca-eccc-mgb-2026-27,2026-2027,2026-09-20,Federal summaries include regular and special conservation measures,SOURCE_FOUND,Overabundant-species measures are not ordinary seasons
evidence:ca-fed-rosss-goose-2026,species:rosss-goose,CA,jurisdiction:ca-federal,DOCUMENTED_HUNTING,MIGRATORY_GAME_BIRD,authority:ca-eccc,Ross's Goose,Geese,source:ca-eccc-mgb-2026-27,2026-2027,2026-09-20,Federal summaries include Ross's Goose in specified tables,SOURCE_FOUND,
evidence:ca-fed-sandhill-crane-2026,species:sandhill-crane,CA,jurisdiction:ca-federal,PARTIAL_OR_SPECIAL,MIGRATORY_GAME_BIRD,authority:ca-eccc,Sandhill Crane,Migratory game birds,source:ca-eccc-mgb-2026-27,2026-2027,2026-09-20,Official federal material documents specified seasons including new Ontario/Quebec opportunities,SOURCE_FOUND,Only specified districts/areas and hunter classes
evidence:ca-ab-white-tailed-deer,species:white-tailed-deer,CA,jurisdiction:ca-ab,DOCUMENTED_HUNTING,BIG_GAME,authority:ca-ab-epa,White-tailed Deer,Big game,source:ca-ab-hunting,current_hub,2026-09-20,Official hunting hub publishes species and WMU-specific annual seasons,NEEDS_REVIEW,Extract current guide row before production
evidence:ca-ab-mule-deer,species:mule-deer,CA,jurisdiction:ca-ab,DOCUMENTED_HUNTING,BIG_GAME,authority:ca-ab-epa,Mule Deer,Big game,source:ca-ab-hunting,current_hub,2026-09-20,Official hunting hub publishes species and WMU-specific annual seasons,NEEDS_REVIEW,Extract current guide row before production
evidence:ca-ab-moose,species:moose,CA,jurisdiction:ca-ab,PERMIT_OR_QUOTA,BIG_GAME,authority:ca-ab-epa,Moose,Big game,source:ca-ab-hunting,current_hub,2026-09-20,Official hunting hub includes moose licensing and draw material,NEEDS_REVIEW,WMU and licence class control
evidence:ca-ab-elk,species:elk,CA,jurisdiction:ca-ab,DOCUMENTED_HUNTING,BIG_GAME,authority:ca-ab-epa,Elk,Big game,source:ca-ab-hunting,current_hub,2026-09-20,Official hunting hub publishes elk seasons,NEEDS_REVIEW,Extract current guide row before production
evidence:ca-ab-black-bear,species:american-black-bear,CA,jurisdiction:ca-ab,DOCUMENTED_HUNTING,BIG_GAME,authority:ca-ab-epa,Black Bear,Big game,source:ca-ab-hunting,current_hub,2026-09-20,Official hunting hub publishes black bear seasons,NEEDS_REVIEW,
evidence:ca-ab-bighorn,species:bighorn-sheep,CA,jurisdiction:ca-ab,PERMIT_OR_QUOTA,BIG_GAME,authority:ca-ab-epa,Bighorn Sheep,Big game,source:ca-ab-hunting,current_hub,2026-09-20,Official hunting hub includes sheep seasons/licensing,NEEDS_REVIEW,
evidence:ca-ab-pronghorn,species:pronghorn,CA,jurisdiction:ca-ab,PERMIT_OR_QUOTA,BIG_GAME,authority:ca-ab-epa,Pronghorn Antelope,Big game,source:ca-ab-hunting,current_hub,2026-09-20,Official hunting hub includes pronghorn special licence material,NEEDS_REVIEW,
evidence:ca-bc-white-tailed-deer,species:white-tailed-deer,CA,jurisdiction:ca-bc,DOCUMENTED_HUNTING,BIG_GAME,authority:ca-bc-wlrs,White-tailed Deer,Big game,source:ca-bc-synopsis-2024-26,2024-2026,2026-09-20,Official synopsis names species and MU-specific seasons,STALE,Current 2026-28 synopsis required
evidence:ca-bc-mule-deer,species:mule-deer,CA,jurisdiction:ca-bc,DOCUMENTED_HUNTING,BIG_GAME,authority:ca-bc-wlrs,Mule Deer,Big game,source:ca-bc-synopsis-2024-26,2024-2026,2026-09-20,Official synopsis names species and MU-specific seasons,STALE,Current 2026-28 synopsis required
evidence:ca-bc-moose,species:moose,CA,jurisdiction:ca-bc,PERMIT_OR_QUOTA,BIG_GAME,authority:ca-bc-wlrs,Moose,Big game,source:ca-bc-synopsis-2024-26,2024-2026,2026-09-20,Official synopsis includes general and limited-entry contexts,STALE,Current 2026-28 synopsis required
evidence:ca-bc-elk,species:elk,CA,jurisdiction:ca-bc,DOCUMENTED_HUNTING,BIG_GAME,authority:ca-bc-wlrs,Elk,Big game,source:ca-bc-synopsis-2024-26,2024-2026,2026-09-20,Official synopsis includes elk seasons and detailed zone maps,STALE,Current 2026-28 synopsis required
evidence:ca-bc-black-bear,species:american-black-bear,CA,jurisdiction:ca-bc,DOCUMENTED_HUNTING,BIG_GAME,authority:ca-bc-wlrs,Black Bear,Big game,source:ca-bc-synopsis-2024-26,2024-2026,2026-09-20,Official synopsis includes black bear seasons and closures,STALE,Current 2026-28 synopsis required
evidence:ca-bc-bighorn,species:bighorn-sheep,CA,jurisdiction:ca-bc,PARTIAL_OR_SPECIAL,BIG_GAME,authority:ca-bc-wlrs,Mountain Sheep,Big game,source:ca-bc-synopsis-2024-26,2024-2026,2026-09-20,Official synopsis includes species/MU-specific sheep rules,STALE,Species/subspecies extraction required
evidence:ca-bc-mountain-goat,species:mountain-goat,CA,jurisdiction:ca-bc,PARTIAL_OR_SPECIAL,BIG_GAME,authority:ca-bc-wlrs,Mountain Goat,Big game,source:ca-bc-synopsis-2024-26,2024-2026,2026-09-20,Official synopsis includes open and closed goat areas,STALE,Current boundaries required
evidence:ca-mb-white-tailed-deer,species:white-tailed-deer,CA,jurisdiction:ca-mb,DOCUMENTED_HUNTING,BIG_GAME,authority:ca-mb-nrif,White-tailed Deer,Big game,source:ca-mb-hunting-2026,2026,2026-09-20,Current official guide includes deer seasons by hunting area,SOURCE_FOUND,Claim-level extraction queued
evidence:ca-mb-moose,species:moose,CA,jurisdiction:ca-mb,PERMIT_OR_QUOTA,BIG_GAME,authority:ca-mb-nrif,Moose,Big game,source:ca-mb-hunting-2026,2026,2026-09-20,Current official guide includes moose season/licence tables,SOURCE_FOUND,Claim-level extraction queued
evidence:ca-mb-elk,species:elk,CA,jurisdiction:ca-mb,PERMIT_OR_QUOTA,BIG_GAME,authority:ca-mb-nrif,Elk,Big game,source:ca-mb-hunting-2026,2026,2026-09-20,Current official guide and big game draws include elk,SOURCE_FOUND,Claim-level extraction queued
evidence:ca-mb-black-bear,species:american-black-bear,CA,jurisdiction:ca-mb,DOCUMENTED_HUNTING,BIG_GAME,authority:ca-mb-nrif,Black Bear,Big game,source:ca-mb-hunting-2026,2026,2026-09-20,Current official guide includes black bear zones and seasons,SOURCE_FOUND,
evidence:ca-mb-wild-turkey,species:wild-turkey,CA,jurisdiction:ca-mb,DOCUMENTED_HUNTING,GAME_BIRD,authority:ca-mb-nrif,Wild Turkey,Game bird,source:ca-mb-hunting-2026,2026,2026-09-20,Current official guide includes wild turkey,SOURCE_FOUND,
evidence:ca-nb-white-tailed-deer,species:white-tailed-deer,CA,jurisdiction:ca-nb,DOCUMENTED_HUNTING,BIG_GAME,authority:ca-nb-nred,White-tailed Deer,Big game,source:ca-nb-elicensing,2026,2026-09-20,Current licensing page offers deer and game bird licences and antlerless draw,SOURCE_FOUND,Current regulation table still needed
evidence:ca-nb-moose,species:moose,CA,jurisdiction:ca-nb,PERMIT_OR_QUOTA,BIG_GAME,authority:ca-nb-nred,Moose,Big game,source:ca-nb-elicensing,2026,2026-09-20,Current licensing page documents resident and non-resident draw/outfitter licences,SOURCE_FOUND,Current regulation table still needed
evidence:ca-nb-wild-turkey,species:wild-turkey,CA,jurisdiction:ca-nb,PARTIAL_OR_SPECIAL,GAME_BIRD,authority:ca-nb-nred,Turkey,Game bird,source:ca-nb-elicensing,2026,2026-09-20,Current licensing page lists turkey licences,SOURCE_FOUND,Season and geographic scope require current regulations
evidence:ca-nl-moose,species:moose,CA,jurisdiction:ca-nl,PERMIT_OR_QUOTA,BIG_GAME,authority:ca-nl-fal,Moose,Big game,source:ca-nl-guide-2026-27,2026-2027,2026-09-20,Official guide provides quotas seasons and Moose Management Areas,SOURCE_FOUND,
evidence:ca-nl-caribou,species:caribou,CA,jurisdiction:ca-nl,PERMIT_OR_QUOTA,BIG_GAME,authority:ca-nl-fal,Caribou,Big game,source:ca-nl-guide-2026-27,2026-2027,2026-09-20,Official guide provides island caribou quotas and management areas,SOURCE_FOUND,Labrador population/rights distinctions require separate records
evidence:ca-nl-black-bear,species:american-black-bear,CA,jurisdiction:ca-nl,DOCUMENTED_HUNTING,BIG_GAME,authority:ca-nl-fal,Black Bear,Big game,source:ca-nl-guide-2026-27,2026-2027,2026-09-20,Official guide provides spring/fall seasons and management zones,SOURCE_FOUND,
evidence:ca-nl-willow-ptarmigan,species:willow-ptarmigan,CA,jurisdiction:ca-nl,DOCUMENTED_HUNTING,SMALL_GAME,authority:ca-nl-fal,Willow Ptarmigan,Small game,source:ca-nl-guide-2026-27,2026-2027,2026-09-20,Official guide provides shooting/snaring seasons and combined limits,SOURCE_FOUND,Combined willow/rock limits in some areas
evidence:ca-nl-rock-ptarmigan,species:rock-ptarmigan,CA,jurisdiction:ca-nl,DOCUMENTED_HUNTING,SMALL_GAME,authority:ca-nl-fal,Rock Ptarmigan,Small game,source:ca-nl-guide-2026-27,2026-2027,2026-09-20,Official guide provides shooting/snaring seasons and combined limits,SOURCE_FOUND,Combined willow/rock limits in some areas
evidence:ca-nt-caribou,species:caribou,CA,jurisdiction:ca-nt,PARTIAL_OR_SPECIAL,BIG_GAME,authority:ca-nt-ecc,Caribou,Big game,source:ca-nt-summary-2026-27,2026-2027,2026-09-20,Official guide is the territorial regulation summary,NEEDS_REVIEW,Population co-management residency and rights distinctions require extraction
evidence:ca-nt-moose,species:moose,CA,jurisdiction:ca-nt,DOCUMENTED_HUNTING,BIG_GAME,authority:ca-nt-ecc,Moose,Big game,source:ca-nt-summary-2026-27,2026-2027,2026-09-20,Official guide is the territorial regulation summary,NEEDS_REVIEW,Unit and hunter-class extraction required
evidence:ca-nt-dall-sheep,species:dall-sheep,CA,jurisdiction:ca-nt,PARTIAL_OR_SPECIAL,BIG_GAME,authority:ca-nt-ecc,Dall's Sheep,Big game,source:ca-nt-summary-2026-27,2026-2027,2026-09-20,Official guide is the territorial regulation summary,NEEDS_REVIEW,Management-area and hunter-class extraction required
evidence:ca-ns-white-tailed-deer,species:white-tailed-deer,CA,jurisdiction:ca-ns,DOCUMENTED_HUNTING,BIG_GAME,authority:ca-ns-nr,Deer,Big game,source:ca-ns-summary,current_hub,2026-09-20,Official summary links deer rules and current amendments,SOURCE_FOUND,Current season table extraction required
evidence:ca-ns-black-bear,species:american-black-bear,CA,jurisdiction:ca-ns,DOCUMENTED_HUNTING,BIG_GAME,authority:ca-ns-nr,Bear,Big game,source:ca-ns-summary,current_hub,2026-09-20,Official summary contains bear hunting notices and rules,SOURCE_FOUND,
evidence:ca-ns-moose,species:moose,CA,jurisdiction:ca-ns,PERMIT_OR_QUOTA,BIG_GAME,authority:ca-ns-nr,Moose,Big game,source:ca-ns-summary,current_hub,2026-09-20,Official summary references Cape Breton Moose Management Zones,SOURCE_FOUND,Licence draw and zone restrictions apply
evidence:ca-nu-caribou,species:caribou,CA,jurisdiction:ca-nu,PARTIAL_OR_SPECIAL,BIG_GAME,authority:ca-nu-env,Caribou,Big game,source:ca-nu-guide-2026-27,2026-2027,2026-09-20,Official guide covers species seasons limits and hunting areas,NEEDS_REVIEW,Beneficiary/non-beneficiary and population distinctions are essential
evidence:ca-nu-muskox,species:muskox,CA,jurisdiction:ca-nu,PERMIT_OR_QUOTA,BIG_GAME,authority:ca-nu-env,Muskox,Big game,source:ca-nu-guide-2026-27,2026-2027,2026-09-20,Official guide covers species seasons limits and hunting areas,NEEDS_REVIEW,Co-management and tags/quotas require extraction
evidence:ca-nu-polar-bear,species:polar-bear,CA,jurisdiction:ca-nu,PARTIAL_OR_SPECIAL,BIG_GAME,authority:ca-nu-env,Polar Bear,Big game,source:ca-nu-guide-2026-27,2026-2027,2026-09-20,Official guide covers hunting regulation context,NEEDS_REVIEW,Do not present as ordinary recreational hunting; community quota and rights frameworks
evidence:ca-on-white-tailed-deer,species:white-tailed-deer,CA,jurisdiction:ca-on,DOCUMENTED_HUNTING,BIG_GAME,authority:ca-on-mnr,White-tailed Deer,Big game,source:ca-on-summary-2026,2026-2027,2026-09-20,Official summary provides WMU-specific deer seasons,SOURCE_FOUND,
evidence:ca-on-moose,species:moose,CA,jurisdiction:ca-on,PERMIT_OR_QUOTA,BIG_GAME,authority:ca-on-mnr,Moose,Big game,source:ca-on-summary-2026,2026-2027,2026-09-20,Official summary provides WMU seasons and tag allocation rules,SOURCE_FOUND,
evidence:ca-on-elk,species:elk,CA,jurisdiction:ca-on,PERMIT_OR_QUOTA,BIG_GAME,authority:ca-on-mnr,Elk,Big game,source:ca-on-summary-2026,2026-2027,2026-09-20,Official summary provides elk harvest areas and tag rules,SOURCE_FOUND,
evidence:ca-on-black-bear,species:american-black-bear,CA,jurisdiction:ca-on,DOCUMENTED_HUNTING,BIG_GAME,authority:ca-on-mnr,Black Bear,Big game,source:ca-on-summary-2026,2026-2027,2026-09-20,Official summary provides WMU-specific black bear seasons,SOURCE_FOUND,
evidence:ca-on-wild-turkey,species:wild-turkey,CA,jurisdiction:ca-on,DOCUMENTED_HUNTING,GAME_BIRD,authority:ca-on-mnr,Wild Turkey,Game bird,source:ca-on-summary-2026,2026-2027,2026-09-20,Official summary provides spring/fall turkey rules and tags,SOURCE_FOUND,
evidence:ca-on-ruffed-grouse,species:ruffed-grouse,CA,jurisdiction:ca-on,DOCUMENTED_HUNTING,SMALL_GAME,authority:ca-on-mnr,Ruffed Grouse,Small game,source:ca-on-summary-2026,2026-2027,2026-09-20,Official small-game section provides WMU season table,SOURCE_FOUND,
evidence:ca-pe-ring-necked-pheasant,species:ring-necked-pheasant,CA,jurisdiction:ca-pe,DOCUMENTED_HUNTING,GAME_BIRD,authority:ca-pe-ffw,Pheasant,Game bird,source:ca-pe-summary-2026,2026,2026-09-20,Current official hunting summary is the season source,NEEDS_REVIEW,Extract exact season and sex restrictions
evidence:ca-pe-ruffed-grouse,species:ruffed-grouse,CA,jurisdiction:ca-pe,DOCUMENTED_HUNTING,SMALL_GAME,authority:ca-pe-ffw,Ruffed Grouse,Game bird,source:ca-pe-summary-2026,2026,2026-09-20,Current official hunting summary is the season source,NEEDS_REVIEW,
evidence:ca-qc-white-tailed-deer,species:white-tailed-deer,CA,jurisdiction:ca-qc,DOCUMENTED_HUNTING,BIG_GAME,authority:ca-qc-mffp,White-tailed deer / Cerf de Virginie,Big game,source:ca-qc-seasons-2026,2026,2026-09-20,Official seasons service returns zone/method-specific periods,SOURCE_FOUND,Interactive result must be captured with filters
evidence:ca-qc-moose,species:moose,CA,jurisdiction:ca-qc,DOCUMENTED_HUNTING,BIG_GAME,authority:ca-qc-mffp,Moose / Orignal,Big game,source:ca-qc-seasons-2026,2026,2026-09-20,Official seasons service returns zone/method-specific periods,SOURCE_FOUND,Interactive result must be captured with filters
evidence:ca-qc-black-bear,species:american-black-bear,CA,jurisdiction:ca-qc,DOCUMENTED_HUNTING,BIG_GAME,authority:ca-qc-mffp,Black bear / Ours noir,Big game,source:ca-qc-seasons-2026,2026,2026-09-20,Official seasons service returns zone/method-specific periods,SOURCE_FOUND,
evidence:ca-qc-wild-turkey,species:wild-turkey,CA,jurisdiction:ca-qc,DOCUMENTED_HUNTING,GAME_BIRD,authority:ca-qc-mffp,Wild turkey / Dindon sauvage,Game bird,source:ca-qc-seasons-2026,2026,2026-09-20,Official seasons service returns zone/method-specific periods,SOURCE_FOUND,
evidence:ca-qc-sandhill-crane,species:sandhill-crane,CA,jurisdiction:ca-qc,PARTIAL_OR_SPECIAL,MIGRATORY_GAME_BIRD,authority:ca-eccc,Sandhill Crane / Grue du Canada,Migratory game bird,source:ca-eccc-mgb-2026-27,2026-2027,2026-09-20,Federal 2026 amendments create a season only in specified Quebec districts and farmland contexts,SOURCE_FOUND,Federal plus provincial requirements
evidence:ca-sk-white-tailed-deer,species:white-tailed-deer,CA,jurisdiction:ca-sk,DOCUMENTED_HUNTING,BIG_GAME,authority:ca-sk-env,White-tailed Deer,Big game,source:ca-sk-hunting,current_hub,2026-09-20,Official hub publishes annual Hunters and Trappers Guide,NEEDS_REVIEW,Extract current guide table
evidence:ca-sk-mule-deer,species:mule-deer,CA,jurisdiction:ca-sk,PERMIT_OR_QUOTA,BIG_GAME,authority:ca-sk-env,Mule Deer,Big game,source:ca-sk-hunting,current_hub,2026-09-20,Official current draw material lists WMZ-specific mule deer quotas,SOURCE_FOUND,
evidence:ca-sk-moose,species:moose,CA,jurisdiction:ca-sk,DOCUMENTED_HUNTING,BIG_GAME,authority:ca-sk-env,Moose,Big game,source:ca-sk-hunting,current_hub,2026-09-20,Official hub publishes annual species/WMZ rules,NEEDS_REVIEW,
evidence:ca-sk-elk,species:elk,CA,jurisdiction:ca-sk,PERMIT_OR_QUOTA,BIG_GAME,authority:ca-sk-env,Elk,Big game,source:ca-sk-hunting,current_hub,2026-09-20,Official hub publishes annual species/WMZ rules,NEEDS_REVIEW,
evidence:ca-sk-pronghorn,species:pronghorn,CA,jurisdiction:ca-sk,PERMIT_OR_QUOTA,BIG_GAME,authority:ca-sk-env,Pronghorn,Big game,source:ca-sk-hunting,current_hub,2026-09-20,Official hub publishes annual draw rules when a season is offered,NEEDS_REVIEW,Do not infer a current season without guide extraction
evidence:ca-yt-moose,species:moose,CA,jurisdiction:ca-yt,DOCUMENTED_HUNTING,BIG_GAME,authority:ca-yt-env,Moose,Big game,source:ca-yt-regulations-2026-27,2026-2027,2026-09-20,Official page states each GMS has open species dates and limits and links current summary,SOURCE_FOUND,Subzone extraction required
evidence:ca-yt-caribou,species:caribou,CA,jurisdiction:ca-yt,PARTIAL_OR_SPECIAL,BIG_GAME,authority:ca-yt-env,Caribou,Big game,source:ca-yt-regulations-2026-27,2026-2027,2026-09-20,Official summary and permit process include caribou,SOURCE_FOUND,Herd subzone and rights distinctions required
evidence:ca-yt-elk,species:elk,CA,jurisdiction:ca-yt,PERMIT_OR_QUOTA,BIG_GAME,authority:ca-yt-env,Elk,Big game,source:ca-yt-regulations-2026-27,2026-2027,2026-09-20,Official permit hunt authorization material includes elk,SOURCE_FOUND,
evidence:ca-yt-dall-sheep,species:dall-sheep,CA,jurisdiction:ca-yt,PARTIAL_OR_SPECIAL,BIG_GAME,authority:ca-yt-env,Sheep,Big game,source:ca-yt-regulations-2026-27,2026-2027,2026-09-20,Official current changes document subzone sheep closure and permit context,SOURCE_FOUND,Species identity/subspecies and GMS scope require extraction
evidence:ca-yt-mountain-goat,species:mountain-goat,CA,jurisdiction:ca-yt,PERMIT_OR_QUOTA,BIG_GAME,authority:ca-yt-env,Goat,Big game,source:ca-yt-regulations-2026-27,2026-2027,2026-09-20,Official permit hunt authorization material includes goat,SOURCE_FOUND,
evidence:ca-yt-brown-bear,species:brown-bear,CA,jurisdiction:ca-yt,PARTIAL_OR_SPECIAL,BIG_GAME,authority:ca-yt-env,Grizzly Bear,Big game,source:ca-yt-regulations-2026-27,2026-2027,2026-09-20,Official current summary is the rule source,NEEDS_REVIEW,Subzone season and closure extraction required
evidence:us-fed-mourning-dove,species:mourning-dove,US,jurisdiction:us-federal,DOCUMENTED_HUNTING,MIGRATORY_GAME_BIRD,authority:us-fws,Mourning Dove,Migratory game birds,source:us-fws-migratory,current_framework,2026-09-20,FWS authorizes states and tribes to establish seasons within federal limits,SOURCE_FOUND,State/tribal season required
evidence:us-fed-american-woodcock,species:american-woodcock,US,jurisdiction:us-federal,DOCUMENTED_HUNTING,MIGRATORY_GAME_BIRD,authority:us-fws,American Woodcock,Migratory game birds,source:us-fws-migratory,current_framework,2026-09-20,FWS framework includes population status and annual authorization conditions,SOURCE_FOUND,State season required
evidence:us-fed-coot,species:american-coot,US,jurisdiction:us-federal,DOCUMENTED_HUNTING,MIGRATORY_GAME_BIRD,authority:us-fws,American Coot,Migratory game birds,source:us-fws-migratory,current_framework,2026-09-20,Federal limits constrain state/tribal seasons,SOURCE_FOUND,State season required
evidence:us-fed-tundra-swan,species:tundra-swan,US,jurisdiction:us-federal,PERMIT_OR_QUOTA,MIGRATORY_GAME_BIRD,authority:us-fws,Tundra Swan,Migratory game birds,source:us-fws-migratory,current_framework,2026-09-20,Federal framework permits seasons only under specified state authorization conditions,NEEDS_REVIEW,Selected states and permits only
evidence:us-al-whitetail,species:white-tailed-deer,US,jurisdiction:us-al,DOCUMENTED_HUNTING,BIG_GAME,authority:us-al-dcnr,White-tailed Deer,Game animal,source:us-al-hunting,current_hub,2026-09-20,Official state hunting hub is the authority rail for deer seasons and zones,NEEDS_REVIEW,Capture current regulation section before production
evidence:us-ak-caribou,species:caribou,US,jurisdiction:us-ak,PARTIAL_OR_SPECIAL,BIG_GAME,authority:us-ak-adfg,Caribou,Big game,source:us-ak-hunting,current_hub,2026-09-20,Official state hunting hub publishes unit-specific caribou regulations and emergency orders,NEEDS_REVIEW,Federal subsistence and herd/unit distinctions overlap
evidence:us-az-mule-deer,species:mule-deer,US,jurisdiction:us-az,PERMIT_OR_QUOTA,BIG_GAME,authority:us-az-gfd,Mule Deer,Big game,source:us-az-hunting,current_hub,2026-09-20,Official state hunting hub publishes draw and GMU rules,NEEDS_REVIEW,
evidence:us-ar-whitetail,species:white-tailed-deer,US,jurisdiction:us-ar,DOCUMENTED_HUNTING,BIG_GAME,authority:us-ar-agfc,White-tailed Deer,Big game,source:us-ar-hunting,current_hub,2026-09-20,Official state hunting hub publishes deer zone regulations,NEEDS_REVIEW,
evidence:us-ca-mule-deer,species:mule-deer,US,jurisdiction:us-ca,PARTIAL_OR_SPECIAL,BIG_GAME,authority:us-ca-cdfw,Deer,Big game,source:us-ca-hunting,current_hub,2026-09-20,Official state hunting hub publishes deer zone and tag rules,NEEDS_REVIEW,Regulatory deer categories may include subspecies/forms
evidence:us-co-elk,species:elk,US,jurisdiction:us-co,PERMIT_OR_QUOTA,BIG_GAME,authority:us-co-cpw,Elk,Big game,source:us-co-hunting,current_hub,2026-09-20,Official state hunting hub publishes GMU and licence rules,NEEDS_REVIEW,
evidence:us-ct-whitetail,species:white-tailed-deer,US,jurisdiction:us-ct,DOCUMENTED_HUNTING,BIG_GAME,authority:us-ct-deep,White-tailed Deer,Game animal,source:us-ct-hunting,2026,2026-09-20,Official publications page links the current hunting guide,SOURCE_FOUND,Extract zone/method tables before production
evidence:us-de-whitetail,species:white-tailed-deer,US,jurisdiction:us-de,DOCUMENTED_HUNTING,BIG_GAME,authority:us-de-dnrec,White-tailed Deer,Game animal,source:us-de-hunting,current_hub,2026-09-20,Official state hunting hub is the regulatory source rail,NEEDS_REVIEW,
evidence:us-fl-whitetail,species:white-tailed-deer,US,jurisdiction:us-fl,DOCUMENTED_HUNTING,BIG_GAME,authority:us-fl-fwc,White-tailed Deer,Game mammal,source:us-fl-hunting,current_hub,2026-09-20,Official state hunting hub publishes zone seasons,NEEDS_REVIEW,
evidence:us-ga-whitetail,species:white-tailed-deer,US,jurisdiction:us-ga,DOCUMENTED_HUNTING,BIG_GAME,authority:us-ga-dnr,Deer,Game animal,source:us-ga-hunting,current_hub,2026-09-20,Official state hunting hub publishes deer regulations,NEEDS_REVIEW,
evidence:us-hi-axis-deer,species:axis-deer,US,jurisdiction:us-hi,PARTIAL_OR_SPECIAL,EXOTIC_GAME_MAMMAL,authority:us-hi-dofaw,Axis Deer,Game mammal,source:us-hi-hunting,current_hub,2026-09-20,Official state hunting program regulates island/public-area opportunities,NEEDS_REVIEW,Island land status and area rules are essential
evidence:us-id-elk,species:elk,US,jurisdiction:us-id,DOCUMENTED_HUNTING,BIG_GAME,authority:us-id-fg,Elk,Big game,source:us-id-hunting,current_hub,2026-09-20,Official state hunting hub publishes unit/tag regulations,NEEDS_REVIEW,
evidence:us-il-whitetail,species:white-tailed-deer,US,jurisdiction:us-il,DOCUMENTED_HUNTING,BIG_GAME,authority:us-il-dnr,White-tailed Deer,Game animal,source:us-il-hunting,current_hub,2026-09-20,Official state hunting page publishes deer seasons and permits,NEEDS_REVIEW,
evidence:us-in-whitetail,species:white-tailed-deer,US,jurisdiction:us-in,DOCUMENTED_HUNTING,BIG_GAME,authority:us-in-dnr,Deer,Game animal,source:us-in-hunting,current_hub,2026-09-20,Official state hunting hub publishes deer seasons,NEEDS_REVIEW,
evidence:us-ia-whitetail,species:white-tailed-deer,US,jurisdiction:us-ia,DOCUMENTED_HUNTING,BIG_GAME,authority:us-ia-dnr,Deer,Game animal,source:us-ia-hunting,2026-2027,2026-09-20,Official page links 2026-27 regulations and season cards,SOURCE_FOUND,
evidence:us-ks-whitetail,species:white-tailed-deer,US,jurisdiction:us-ks,DOCUMENTED_HUNTING,BIG_GAME,authority:us-ks-kdwp,White-tailed Deer,Big game,source:us-ks-hunting,current_hub,2026-09-20,Official state hunting hub publishes deer management-unit rules,NEEDS_REVIEW,
evidence:us-ky-whitetail,species:white-tailed-deer,US,jurisdiction:us-ky,DOCUMENTED_HUNTING,BIG_GAME,authority:us-ky-dfw,Deer,Game animal,source:us-ky-hunting,current_hub,2026-09-20,Official state hunting hub publishes zone rules,NEEDS_REVIEW,
evidence:us-la-whitetail,species:white-tailed-deer,US,jurisdiction:us-la,DOCUMENTED_HUNTING,BIG_GAME,authority:us-la-wlf,Deer,Game animal,source:us-la-hunting,current_hub,2026-09-20,Official state hunting hub publishes area rules,NEEDS_REVIEW,
evidence:us-me-moose,species:moose,US,jurisdiction:us-me,PERMIT_OR_QUOTA,BIG_GAME,authority:us-me-ifw,Moose,Big game,source:us-me-hunting,current_hub,2026-09-20,Official state hunting hub publishes permit and Wildlife Management District rules,NEEDS_REVIEW,
evidence:us-md-sika,species:sika-deer,US,jurisdiction:us-md,DOCUMENTED_HUNTING,BIG_GAME,authority:us-md-dnr,Sika Deer,Game animal,source:us-md-hunting,current_hub,2026-09-20,Official state hunting hub regulates sika deer separately from white-tailed deer,NEEDS_REVIEW,
evidence:us-ma-whitetail,species:white-tailed-deer,US,jurisdiction:us-ma,DOCUMENTED_HUNTING,BIG_GAME,authority:us-ma-masswildlife,White-tailed Deer,Game animal,source:us-ma-hunting,current_hub,2026-09-20,Official hunting regulations include wildlife management zones,NEEDS_REVIEW,
evidence:us-mi-whitetail,species:white-tailed-deer,US,jurisdiction:us-mi,DOCUMENTED_HUNTING,BIG_GAME,authority:us-mi-dnr,White-tailed Deer,Game animal,source:us-mi-hunting,current_hub,2026-09-20,Official state hunting hub publishes deer management-unit rules,NEEDS_REVIEW,
evidence:us-mn-whitetail,species:white-tailed-deer,US,jurisdiction:us-mn,DOCUMENTED_HUNTING,BIG_GAME,authority:us-mn-dnr,White-tailed Deer,Big game,source:us-mn-hunting,current_hub,2026-09-20,Official state hunting hub publishes permit-area rules,NEEDS_REVIEW,
evidence:us-ms-whitetail,species:white-tailed-deer,US,jurisdiction:us-ms,DOCUMENTED_HUNTING,BIG_GAME,authority:us-ms-mdwfp,White-tailed Deer,Game animal,source:us-ms-hunting,current_hub,2026-09-20,Official state hunting hub publishes zone seasons,NEEDS_REVIEW,
evidence:us-mo-whitetail,species:white-tailed-deer,US,jurisdiction:us-mo,DOCUMENTED_HUNTING,BIG_GAME,authority:us-mo-mdc,White-tailed Deer,Game animal,source:us-mo-hunting,current_hub,2026-09-20,Official state hunting hub publishes deer regulations,NEEDS_REVIEW,
evidence:us-mt-elk,species:elk,US,jurisdiction:us-mt,DOCUMENTED_HUNTING,BIG_GAME,authority:us-mt-fwp,Elk,Big game,source:us-mt-hunting,current_hub,2026-09-20,Official state hunting hub publishes hunting-district rules,NEEDS_REVIEW,
evidence:us-ne-whitetail,species:white-tailed-deer,US,jurisdiction:us-ne,DOCUMENTED_HUNTING,BIG_GAME,authority:us-ne-ngpc,White-tailed Deer,Big game,source:us-ne-hunting,current_hub,2026-09-20,Official state hunting hub publishes deer unit and permit rules,NEEDS_REVIEW,
evidence:us-nv-mule-deer,species:mule-deer,US,jurisdiction:us-nv,PERMIT_OR_QUOTA,BIG_GAME,authority:us-nv-ndow,Mule Deer,Big game,source:us-nv-hunting,current_hub,2026-09-20,Official state hunting hub publishes unit and draw rules,NEEDS_REVIEW,
evidence:us-nh-whitetail,species:white-tailed-deer,US,jurisdiction:us-nh,DOCUMENTED_HUNTING,BIG_GAME,authority:us-nh-fg,White-tailed Deer,Game animal,source:us-nh-hunting,current_hub,2026-09-20,Official state hunting hub publishes WMU rules,NEEDS_REVIEW,
evidence:us-nj-whitetail,species:white-tailed-deer,US,jurisdiction:us-nj,DOCUMENTED_HUNTING,BIG_GAME,authority:us-nj-fws,White-tailed Deer,Game animal,source:us-nj-hunting,current_hub,2026-09-20,Official state hunting hub publishes deer management-zone rules,NEEDS_REVIEW,
evidence:us-nm-elk,species:elk,US,jurisdiction:us-nm,PERMIT_OR_QUOTA,BIG_GAME,authority:us-nm-dgf,Elk,Big game,source:us-nm-hunting,current_hub,2026-09-20,Official state hunting hub publishes GMU and draw rules,NEEDS_REVIEW,
evidence:us-ny-whitetail,species:white-tailed-deer,US,jurisdiction:us-ny,DOCUMENTED_HUNTING,BIG_GAME,authority:us-ny-dec,White-tailed Deer,Big game,source:us-ny-hunting,current_hub,2026-09-20,Official state hunting hub publishes WMU rules,NEEDS_REVIEW,
evidence:us-nc-whitetail,species:white-tailed-deer,US,jurisdiction:us-nc,DOCUMENTED_HUNTING,BIG_GAME,authority:us-nc-wrc,White-tailed Deer,Big game,source:us-nc-hunting,current_hub,2026-09-20,Official state hunting hub publishes zone and game-land rules,NEEDS_REVIEW,
evidence:us-nd-whitetail,species:white-tailed-deer,US,jurisdiction:us-nd,PERMIT_OR_QUOTA,BIG_GAME,authority:us-nd-gf,White-tailed Deer,Big game,source:us-nd-hunting,current_hub,2026-09-20,Official state hunting hub publishes unit and licence rules,NEEDS_REVIEW,
evidence:us-oh-whitetail,species:white-tailed-deer,US,jurisdiction:us-oh,DOCUMENTED_HUNTING,BIG_GAME,authority:us-oh-dow,White-tailed Deer,Game quadruped,source:us-oh-hunting,current_consolidation,2026-09-20,Ohio Administrative Code contains hunting and wild-animal regulations,SOURCE_FOUND,Add current annual summary for operational tables
evidence:us-ok-whitetail,species:white-tailed-deer,US,jurisdiction:us-ok,DOCUMENTED_HUNTING,BIG_GAME,authority:us-ok-wd,White-tailed Deer,Big game,source:us-ok-hunting,current_hub,2026-09-20,Official state hunting hub publishes zone and WMA rules,NEEDS_REVIEW,
evidence:us-or-elk,species:elk,US,jurisdiction:us-or,DOCUMENTED_HUNTING,BIG_GAME,authority:us-or-odfw,Elk,Big game,source:us-or-hunting,2026,2026-09-20,Official 2026 big-game publication contains elk regulations,SOURCE_FOUND,Controlled/general hunt details remain in Hunt ingestion
evidence:us-pa-whitetail,species:white-tailed-deer,US,jurisdiction:us-pa,DOCUMENTED_HUNTING,BIG_GAME,authority:us-pa-pgc,White-tailed Deer,Big game,source:us-pa-hunting,current_hub,2026-09-20,Official state hunting hub publishes WMU regulations,NEEDS_REVIEW,
evidence:us-ri-whitetail,species:white-tailed-deer,US,jurisdiction:us-ri,DOCUMENTED_HUNTING,BIG_GAME,authority:us-ri-dem,White-tailed Deer,Game animal,source:us-ri-hunting,current_hub,2026-09-20,Official state hunting hub publishes zone/area rules,NEEDS_REVIEW,
evidence:us-sc-whitetail,species:white-tailed-deer,US,jurisdiction:us-sc,DOCUMENTED_HUNTING,BIG_GAME,authority:us-sc-dnr,White-tailed Deer,Big game,source:us-sc-hunting,current_hub,2026-09-20,Official state hunting hub publishes game-zone regulations,NEEDS_REVIEW,
evidence:us-sd-whitetail,species:white-tailed-deer,US,jurisdiction:us-sd,PERMIT_OR_QUOTA,BIG_GAME,authority:us-sd-gfp,White-tailed Deer,Big game,source:us-sd-hunting,current_hub,2026-09-20,Official state hunting hub publishes unit and licence rules,NEEDS_REVIEW,
evidence:us-tn-whitetail,species:white-tailed-deer,US,jurisdiction:us-tn,DOCUMENTED_HUNTING,BIG_GAME,authority:us-tn-twra,White-tailed Deer,Big game,source:us-tn-hunting,current_hub,2026-09-20,Official state hunting hub publishes unit regulations,NEEDS_REVIEW,
evidence:us-tx-whitetail,species:white-tailed-deer,US,jurisdiction:us-tx,DOCUMENTED_HUNTING,BIG_GAME,authority:us-tx-tpwd,White-tailed Deer,Game animal,source:us-tx-hunting,current_hub,2026-09-20,Official Outdoor Annual publishes county-specific regulations,NEEDS_REVIEW,
evidence:us-ut-mule-deer,species:mule-deer,US,jurisdiction:us-ut,PERMIT_OR_QUOTA,BIG_GAME,authority:us-ut-dwr,Buck Deer,Big game,source:us-ut-hunting,2026,2026-09-20,Official guidebook page provides 2026 big-game rules and revisions,SOURCE_FOUND,
evidence:us-vt-whitetail,species:white-tailed-deer,US,jurisdiction:us-vt,DOCUMENTED_HUNTING,BIG_GAME,authority:us-vt-fw,White-tailed Deer,Big game,source:us-vt-hunting,current_hub,2026-09-20,Official state hunting hub publishes WMU rules,NEEDS_REVIEW,
evidence:us-va-whitetail,species:white-tailed-deer,US,jurisdiction:us-va,DOCUMENTED_HUNTING,BIG_GAME,authority:us-va-dwr,Deer,Game animal,source:us-va-hunting,current_hub,2026-09-20,Official state hunting hub publishes county rules,NEEDS_REVIEW,
evidence:us-wa-elk,species:elk,US,jurisdiction:us-wa,DOCUMENTED_HUNTING,BIG_GAME,authority:us-wa-wdfw,Elk,Big game,source:us-wa-hunting,current_hub,2026-09-20,Official state hunting hub publishes GMU and permit rules,NEEDS_REVIEW,
evidence:us-wv-whitetail,species:white-tailed-deer,US,jurisdiction:us-wv,DOCUMENTED_HUNTING,BIG_GAME,authority:us-wv-dnr,White-tailed Deer,Big game,source:us-wv-hunting,current_hub,2026-09-20,Official state hunting hub publishes county regulations,NEEDS_REVIEW,
evidence:us-wi-whitetail,species:white-tailed-deer,US,jurisdiction:us-wi,DOCUMENTED_HUNTING,BIG_GAME,authority:us-wi-dnr,White-tailed Deer,Big game,source:us-wi-hunting,current_hub,2026-09-20,Official state hunting hub publishes deer management-unit rules,NEEDS_REVIEW,
evidence:us-wy-elk,species:elk,US,jurisdiction:us-wy,PERMIT_OR_QUOTA,BIG_GAME,authority:us-wy-wgfd,Elk,Big game,source:us-wy-hunting,current_hub,2026-09-20,Official state hunting hub publishes hunt-area and licence rules,NEEDS_REVIEW,
evidence:ca-ab-ruffed-grouse,species:ruffed-grouse,CA,jurisdiction:ca-ab,DOCUMENTED_HUNTING,GAME_BIRD,authority:ca-ab-epa,Ruffed Grouse,Game bird,source:ca-ab-hunting,current_hub,2026-09-20,Official provincial hunting hub is the source candidate for seasons and WMU rules,NEEDS_REVIEW,Extract current season table before regulatory use
evidence:ca-ab-spruce-grouse,species:spruce-grouse,CA,jurisdiction:ca-ab,DOCUMENTED_HUNTING,GAME_BIRD,authority:ca-ab-epa,Spruce Grouse,Game bird,source:ca-ab-hunting,current_hub,2026-09-20,Official provincial hunting hub is the source candidate for seasons and WMU rules,NEEDS_REVIEW,
evidence:ca-ab-snowshoe-hare,species:snowshoe-hare,CA,jurisdiction:ca-ab,DOCUMENTED_HUNTING,SMALL_GAME,authority:ca-ab-epa,Snowshoe Hare,Small game,source:ca-ab-hunting,current_hub,2026-09-20,Official provincial hunting hub is the source candidate for small-game rules,NEEDS_REVIEW,
evidence:ca-bc-ruffed-grouse,species:ruffed-grouse,CA,jurisdiction:ca-bc,DOCUMENTED_HUNTING,GAME_BIRD,authority:ca-bc-wlrs,Ruffed Grouse,Upland game bird,source:ca-bc-synopsis-2024-26,2024-2026,2026-09-20,Official synopsis documents regional game-bird rules,NEEDS_REVIEW,Refresh against successor synopsis
evidence:ca-bc-dusky-grouse,species:dusky-grouse,CA,jurisdiction:ca-bc,DOCUMENTED_HUNTING,GAME_BIRD,authority:ca-bc-wlrs,Dusky Grouse,Upland game bird,source:ca-bc-synopsis-2024-26,2024-2026,2026-09-20,Official synopsis documents regional game-bird rules,NEEDS_REVIEW,Refresh against successor synopsis
evidence:ca-bc-ring-necked-pheasant,species:ring-necked-pheasant,CA,jurisdiction:ca-bc,DOCUMENTED_HUNTING,GAME_BIRD,authority:ca-bc-wlrs,Ring-necked Pheasant,Upland game bird,source:ca-bc-synopsis-2024-26,2024-2026,2026-09-20,Official synopsis documents regional game-bird rules,NEEDS_REVIEW,Refresh against successor synopsis
evidence:ca-mb-ruffed-grouse,species:ruffed-grouse,CA,jurisdiction:ca-mb,DOCUMENTED_HUNTING,GAME_BIRD,authority:ca-mb-nrif,Ruffed Grouse,Game bird,source:ca-mb-hunting-2026,2026,2026-09-20,Official 2026 hunting source is the candidate for season details,NEEDS_REVIEW,
evidence:ca-mb-sharp-tailed-grouse,species:sharp-tailed-grouse,CA,jurisdiction:ca-mb,DOCUMENTED_HUNTING,GAME_BIRD,authority:ca-mb-nrif,Sharp-tailed Grouse,Game bird,source:ca-mb-hunting-2026,2026,2026-09-20,Official 2026 hunting source is the candidate for season details,NEEDS_REVIEW,
evidence:ca-mb-snowshoe-hare,species:snowshoe-hare,CA,jurisdiction:ca-mb,DOCUMENTED_HUNTING,SMALL_GAME,authority:ca-mb-nrif,Snowshoe Hare,Small game,source:ca-mb-hunting-2026,2026,2026-09-20,Official 2026 hunting source is the candidate for season details,NEEDS_REVIEW,
evidence:ca-nb-ruffed-grouse,species:ruffed-grouse,CA,jurisdiction:ca-nb,DOCUMENTED_HUNTING,GAME_BIRD,authority:ca-nb-nred,Ruffed Grouse,Game bird,source:ca-nb-hunt-trap,current_hub,2026-09-20,Official hunting and trapping hub is the candidate for current season details,NEEDS_REVIEW,
evidence:ca-nb-snowshoe-hare,species:snowshoe-hare,CA,jurisdiction:ca-nb,DOCUMENTED_HUNTING,SMALL_GAME,authority:ca-nb-nred,Snowshoe Hare,Small game,source:ca-nb-hunt-trap,current_hub,2026-09-20,Official hunting and trapping hub is the candidate for current season details,NEEDS_REVIEW,
evidence:ca-nl-snowshoe-hare,species:snowshoe-hare,CA,jurisdiction:ca-nl,DOCUMENTED_HUNTING,SMALL_GAME,authority:ca-nl-fal,Snowshoe Hare,Small game,source:ca-nl-guide-2026-27,2026-2027,2026-09-20,Official annual guide is the candidate for island and Labrador season details,NEEDS_REVIEW,
evidence:ca-nl-ruffed-grouse,species:ruffed-grouse,CA,jurisdiction:ca-nl,DOCUMENTED_HUNTING,GAME_BIRD,authority:ca-nl-fal,Ruffed Grouse,Small game,source:ca-nl-guide-2026-27,2026-2027,2026-09-20,Official annual guide is the candidate for season details,NEEDS_REVIEW,
evidence:ca-nt-willow-ptarmigan,species:willow-ptarmigan,CA,jurisdiction:ca-nt,DOCUMENTED_HUNTING,GAME_BIRD,authority:ca-nt-ecc,Willow Ptarmigan,Small game,source:ca-nt-summary-2026-27,2026-2027,2026-09-20,Official territorial summary is the candidate for area and harvest-class rules,NEEDS_REVIEW,Harvest rights must remain explicit
evidence:ca-nt-rock-ptarmigan,species:rock-ptarmigan,CA,jurisdiction:ca-nt,DOCUMENTED_HUNTING,GAME_BIRD,authority:ca-nt-ecc,Rock Ptarmigan,Small game,source:ca-nt-summary-2026-27,2026-2027,2026-09-20,Official territorial summary is the candidate for area and harvest-class rules,NEEDS_REVIEW,Harvest rights must remain explicit
evidence:ca-nt-snowshoe-hare,species:snowshoe-hare,CA,jurisdiction:ca-nt,DOCUMENTED_HUNTING,SMALL_GAME,authority:ca-nt-ecc,Snowshoe Hare,Small game,source:ca-nt-summary-2026-27,2026-2027,2026-09-20,Official territorial summary is the candidate for area and harvest-class rules,NEEDS_REVIEW,
evidence:ca-ns-ruffed-grouse,species:ruffed-grouse,CA,jurisdiction:ca-ns,DOCUMENTED_HUNTING,GAME_BIRD,authority:ca-ns-nr,Ruffed Grouse,Small game,source:ca-ns-summary,current,2026-09-20,Official provincial summary is the candidate for season details,NEEDS_REVIEW,
evidence:ca-ns-snowshoe-hare,species:snowshoe-hare,CA,jurisdiction:ca-ns,DOCUMENTED_HUNTING,SMALL_GAME,authority:ca-ns-nr,Snowshoe Hare,Small game,source:ca-ns-summary,current,2026-09-20,Official provincial summary is the candidate for season details,NEEDS_REVIEW,
evidence:ca-ns-ring-necked-pheasant,species:ring-necked-pheasant,CA,jurisdiction:ca-ns,DOCUMENTED_HUNTING,GAME_BIRD,authority:ca-ns-nr,Ring-necked Pheasant,Small game,source:ca-ns-summary,current,2026-09-20,Official provincial summary is the candidate for season details,NEEDS_REVIEW,
evidence:ca-nu-willow-ptarmigan,species:willow-ptarmigan,CA,jurisdiction:ca-nu,DOCUMENTED_HUNTING,GAME_BIRD,authority:ca-nu-env,Willow Ptarmigan,Small game,source:ca-nu-guide-2026-27,2026-2027,2026-09-20,Official territorial guide is the candidate for community and harvest-rights rules,NEEDS_REVIEW,Co-management applies
evidence:ca-nu-rock-ptarmigan,species:rock-ptarmigan,CA,jurisdiction:ca-nu,DOCUMENTED_HUNTING,GAME_BIRD,authority:ca-nu-env,Rock Ptarmigan,Small game,source:ca-nu-guide-2026-27,2026-2027,2026-09-20,Official territorial guide is the candidate for community and harvest-rights rules,NEEDS_REVIEW,Co-management applies
evidence:ca-nu-arctic-hare,species:arctic-hare,CA,jurisdiction:ca-nu,DOCUMENTED_HUNTING,SMALL_GAME,authority:ca-nu-env,Arctic Hare,Small game,source:ca-nu-guide-2026-27,2026-2027,2026-09-20,Official territorial guide is the candidate for community and harvest-rights rules,NEEDS_REVIEW,Co-management applies
evidence:ca-on-spruce-grouse,species:spruce-grouse,CA,jurisdiction:ca-on,DOCUMENTED_HUNTING,GAME_BIRD,authority:ca-on-mnr,Spruce Grouse,Game bird,source:ca-on-summary-2026,2026,2026-09-20,Official annual summary is the candidate for WMU season details,NEEDS_REVIEW,
evidence:ca-on-snowshoe-hare,species:snowshoe-hare,CA,jurisdiction:ca-on,DOCUMENTED_HUNTING,SMALL_GAME,authority:ca-on-mnr,Snowshoe Hare,Small game,source:ca-on-summary-2026,2026,2026-09-20,Official annual summary is the candidate for WMU season details,NEEDS_REVIEW,
evidence:ca-on-ring-necked-pheasant,species:ring-necked-pheasant,CA,jurisdiction:ca-on,DOCUMENTED_HUNTING,GAME_BIRD,authority:ca-on-mnr,Ring-necked Pheasant,Game bird,source:ca-on-summary-2026,2026,2026-09-20,Official annual summary is the candidate for WMU season details,NEEDS_REVIEW,
evidence:ca-qc-ruffed-grouse,species:ruffed-grouse,CA,jurisdiction:ca-qc,DOCUMENTED_HUNTING,SMALL_GAME,authority:ca-qc-mffp,Gélinotte huppée,Petit gibier,source:ca-qc-seasons-2026,2026,2026-09-20,Official season source is the candidate for zone dates and limits,NEEDS_REVIEW,French terminology is authoritative
evidence:ca-qc-spruce-grouse,species:spruce-grouse,CA,jurisdiction:ca-qc,DOCUMENTED_HUNTING,SMALL_GAME,authority:ca-qc-mffp,Tétras du Canada,Petit gibier,source:ca-qc-seasons-2026,2026,2026-09-20,Official season source is the candidate for zone dates and limits,NEEDS_REVIEW,French terminology is authoritative
evidence:ca-qc-snowshoe-hare,species:snowshoe-hare,CA,jurisdiction:ca-qc,DOCUMENTED_HUNTING,SMALL_GAME,authority:ca-qc-mffp,Lièvre d'Amérique,Petit gibier,source:ca-qc-seasons-2026,2026,2026-09-20,Official season source is the candidate for zone dates and limits,NEEDS_REVIEW,French terminology is authoritative
evidence:ca-sk-sharp-tailed-grouse,species:sharp-tailed-grouse,CA,jurisdiction:ca-sk,DOCUMENTED_HUNTING,GAME_BIRD,authority:ca-sk-env,Sharp-tailed Grouse,Upland game bird,source:ca-sk-hunting,current_hub,2026-09-20,Official provincial hub is the candidate for WMZ season details,NEEDS_REVIEW,
evidence:ca-sk-ruffed-grouse,species:ruffed-grouse,CA,jurisdiction:ca-sk,DOCUMENTED_HUNTING,GAME_BIRD,authority:ca-sk-env,Ruffed Grouse,Upland game bird,source:ca-sk-hunting,current_hub,2026-09-20,Official provincial hub is the candidate for WMZ season details,NEEDS_REVIEW,
evidence:ca-sk-ring-necked-pheasant,species:ring-necked-pheasant,CA,jurisdiction:ca-sk,DOCUMENTED_HUNTING,GAME_BIRD,authority:ca-sk-env,Ring-necked Pheasant,Upland game bird,source:ca-sk-hunting,current_hub,2026-09-20,Official provincial hub is the candidate for WMZ season details,NEEDS_REVIEW,
evidence:ca-yt-willow-ptarmigan,species:willow-ptarmigan,CA,jurisdiction:ca-yt,DOCUMENTED_HUNTING,GAME_BIRD,authority:ca-yt-env,Willow Ptarmigan,Small game,source:ca-yt-regulations-2026-27,2026-2027,2026-09-20,Official current guide is the candidate for GMS season details,NEEDS_REVIEW,
evidence:ca-yt-ruffed-grouse,species:ruffed-grouse,CA,jurisdiction:ca-yt,DOCUMENTED_HUNTING,GAME_BIRD,authority:ca-yt-env,Ruffed Grouse,Small game,source:ca-yt-regulations-2026-27,2026-2027,2026-09-20,Official current guide is the candidate for GMS season details,NEEDS_REVIEW,
evidence:ca-yt-snowshoe-hare,species:snowshoe-hare,CA,jurisdiction:ca-yt,DOCUMENTED_HUNTING,SMALL_GAME,authority:ca-yt-env,Snowshoe Hare,Small game,source:ca-yt-regulations-2026-27,2026-2027,2026-09-20,Official current guide is the candidate for GMS season details,NEEDS_REVIEW,
