range_id,species_id,geographic_scope,source_id,range_type,resolution,source_url,retrieved_at,verification_status,limitations,notes
range:white-tailed-deer-us,species:white-tailed-deer,CONUS,source:usgs-gap-range,PREDICTED_DISTRIBUTION,LANDSCAPE,https://www.usgs.gov/programs/gap-analysis-project/science/species-data-web-services,2026-09-20,SOURCE_FOUND,Not local presence and not hunting availability,Resolve species layer code before ingestion
range:mule-deer-us,species:mule-deer,CONUS,source:usgs-gap-range,PREDICTED_DISTRIBUTION,LANDSCAPE,https://www.usgs.gov/programs/gap-analysis-project/science/species-data-web-services,2026-09-20,SOURCE_FOUND,Not local presence and not hunting availability,Subspecies/range model review required
range:moose-us,species:moose,CONUS,source:usgs-gap-range,PREDICTED_DISTRIBUTION,LANDSCAPE,https://www.usgs.gov/programs/gap-analysis-project/science/species-data-web-services,2026-09-20,SOURCE_FOUND,Not local presence and not hunting availability,
range:elk-us,species:elk,CONUS,source:usgs-gap-range,PREDICTED_DISTRIBUTION,LANDSCAPE,https://www.usgs.gov/programs/gap-analysis-project/science/species-data-web-services,2026-09-20,SOURCE_FOUND,Not local presence and not hunting availability,
range:black-bear-us,species:american-black-bear,CONUS,source:usgs-gap-range,PREDICTED_DISTRIBUTION,LANDSCAPE,https://www.usgs.gov/programs/gap-analysis-project/science/species-data-web-services,2026-09-20,SOURCE_FOUND,Not local presence and not hunting availability,
range:brown-bear-us,species:brown-bear,US,source:usgs-gap-viewer,PREDICTED_DISTRIBUTION,LANDSCAPE,https://www.usgs.gov/programs/gap-analysis-project/science/introduction-gap-analysis-project-species-viewer,2026-09-20,SOURCE_FOUND,CONUS viewer excludes Alaska,Use Alaska-specific GAP product
range:pronghorn-us,species:pronghorn,CONUS,source:usgs-gap-range,PREDICTED_DISTRIBUTION,LANDSCAPE,https://www.usgs.gov/programs/gap-analysis-project/science/species-data-web-services,2026-09-20,SOURCE_FOUND,Not local presence and not hunting availability,
range:bighorn-us,species:bighorn-sheep,CONUS,source:usgs-gap-range,PREDICTED_DISTRIBUTION,LANDSCAPE,https://www.usgs.gov/programs/gap-analysis-project/science/species-data-web-services,2026-09-20,SOURCE_FOUND,Not local presence and not hunting availability,
range:mountain-goat-us,species:mountain-goat,CONUS,source:usgs-gap-range,PREDICTED_DISTRIBUTION,LANDSCAPE,https://www.usgs.gov/programs/gap-analysis-project/science/species-data-web-services,2026-09-20,SOURCE_FOUND,Not local presence and not hunting availability,
range:wild-turkey-us,species:wild-turkey,CONUS,source:usgs-gap-range,PREDICTED_DISTRIBUTION,LANDSCAPE,https://www.usgs.gov/programs/gap-analysis-project/science/species-data-web-services,2026-09-20,SOURCE_FOUND,Introductions and subspecies not a legal range,
range:ruffed-grouse-us,species:ruffed-grouse,CONUS,source:usgs-gap-range,PREDICTED_DISTRIBUTION,LANDSCAPE,https://www.usgs.gov/programs/gap-analysis-project/science/species-data-web-services,2026-09-20,SOURCE_FOUND,Not local presence and not hunting availability,
range:spruce-grouse-us,species:spruce-grouse,CONUS,source:usgs-gap-range,PREDICTED_DISTRIBUTION,LANDSCAPE,https://www.usgs.gov/programs/gap-analysis-project/science/species-data-web-services,2026-09-20,SOURCE_FOUND,Not local presence and not hunting availability,
range:sharp-tailed-us,species:sharp-tailed-grouse,CONUS,source:usgs-gap-range,PREDICTED_DISTRIBUTION,LANDSCAPE,https://www.usgs.gov/programs/gap-analysis-project/science/species-data-web-services,2026-09-20,SOURCE_FOUND,Not local presence and not hunting availability,
range:sage-grouse-us,species:greater-sage-grouse,CONUS,source:usgs-gap-range,PREDICTED_DISTRIBUTION,LANDSCAPE,https://www.usgs.gov/programs/gap-analysis-project/science/species-data-web-services,2026-09-20,SOURCE_FOUND,Conservation closures not represented,
range:snowshoe-hare-us,species:snowshoe-hare,CONUS,source:usgs-gap-range,PREDICTED_DISTRIBUTION,LANDSCAPE,https://www.usgs.gov/programs/gap-analysis-project/science/species-data-web-services,2026-09-20,SOURCE_FOUND,Not local presence and not hunting availability,
range:eastern-cottontail-us,species:eastern-cottontail,CONUS,source:usgs-gap-range,PREDICTED_DISTRIBUTION,LANDSCAPE,https://www.usgs.gov/programs/gap-analysis-project/science/species-data-web-services,2026-09-20,SOURCE_FOUND,Not local presence and not hunting availability,
range:mallard-us,species:mallard,CONUS,source:usgs-gap-range,PREDICTED_DISTRIBUTION,LANDSCAPE,https://www.usgs.gov/programs/gap-analysis-project/science/species-data-web-services,2026-09-20,SOURCE_FOUND,Seasonal distribution requires migratory datasets,
range:canada-goose-us,species:canada-goose,CONUS,source:usgs-gap-range,PREDICTED_DISTRIBUTION,LANDSCAPE,https://www.usgs.gov/programs/gap-analysis-project/science/species-data-web-services,2026-09-20,SOURCE_FOUND,Population segments and migration not represented,
range:sandhill-crane-us,species:sandhill-crane,CONUS,source:usgs-gap-range,PREDICTED_DISTRIBUTION,LANDSCAPE,https://www.usgs.gov/programs/gap-analysis-project/science/species-data-web-services,2026-09-20,SOURCE_FOUND,Population and seasonal movement not represented,
range:american-woodcock-us,species:american-woodcock,CONUS,source:usgs-gap-range,PREDICTED_DISTRIBUTION,LANDSCAPE,https://www.usgs.gov/programs/gap-analysis-project/science/species-data-web-services,2026-09-20,SOURCE_FOUND,Seasonal movement not represented,
range:caribou-ca,species:caribou,Canada,source:ca-wildlife-risk-2025,RANGE_OF_OCCURRENCE,JURISDICTION,https://www.canada.ca/en/environment-climate-change/services/species-risk-public-registry/publications/canadian-wildlife-species-risk-2025.html,2026-09-20,SOURCE_FOUND,Only assessed designatable units and broad province/territory occurrence,Population-specific records required
range:greater-sage-grouse-ca,species:greater-sage-grouse,Canada,source:ca-wildlife-risk-2025,RANGE_OF_OCCURRENCE,JURISDICTION,https://www.canada.ca/en/environment-climate-change/services/species-risk-public-registry/publications/canadian-wildlife-species-risk-2025.html,2026-09-20,SOURCE_FOUND,Conservation range only and not huntability,
range:polar-bear-ca,species:polar-bear,Canada,source:ca-wildlife-risk-2025,RANGE_OF_OCCURRENCE,JURISDICTION,https://www.canada.ca/en/environment-climate-change/services/species-risk-public-registry/publications/canadian-wildlife-species-risk-2025.html,2026-09-20,SOURCE_FOUND,Broad occurrence and assessed units only,
range:wood-bison-ca,species:american-bison,Canada,source:ca-wildlife-risk-2025,RANGE_OF_OCCURRENCE,JURISDICTION,https://www.canada.ca/en/environment-climate-change/services/species-risk-public-registry/publications/canadian-wildlife-species-risk-2025.html,2026-09-20,NEEDS_REVIEW,Wood bison population/taxon mapping must not be flattened,
range:migratory-birds-ca,species:mallard,Canada,source:ca-eccc-biodiversity-sources,SOURCE_DIRECTORY,NATIONAL,https://www.canada.ca/en/services/environment/wildlife-plants-species/biodiversity/information-sources.html,2026-09-20,NEEDS_REVIEW,Directory is not a species range record,Resolve official bird species account
