scientific_name,common_name,reason,detail,jurisdiction_ids,source_urls,reviewed
Mus musculus,House mouse,NON_QUARRY_COMMENSAL,Unprotected pest control is not a Hunt activity (owner ruling 2026-09-30),jurisdiction:us-fl|jurisdiction:us-ne|jurisdiction:us-va|jurisdiction:us-wy,https://dwr.virginia.gov/hunting/regulations/general/|https://govdocs.nebraska.gov/epubs/G1000/H040-202526.pdf|https://myfwc.com/hunting/regulations/nongame/|https://wgfd.wyo.gov/media/33031/download?inline,2026-09-30
Rattus norvegicus,Norway rat,NON_QUARRY_COMMENSAL,Unprotected pest control is not a Hunt activity (owner ruling 2026-09-30),jurisdiction:us-fl|jurisdiction:us-ne|jurisdiction:us-va,https://dwr.virginia.gov/hunting/regulations/general/|https://govdocs.nebraska.gov/epubs/G1000/H040-202526.pdf|https://myfwc.com/hunting/regulations/nongame/,2026-09-30
Rattus rattus,Black rat,NON_QUARRY_COMMENSAL,Unprotected pest control is not a Hunt activity (owner ruling 2026-09-30),jurisdiction:us-fl|jurisdiction:us-va,https://dwr.virginia.gov/hunting/regulations/general/|https://myfwc.com/hunting/regulations/nongame/,2026-09-30
Microtus pennsylvanicus,Meadow vole,NON_QUARRY_COMMENSAL,Voles are excluded (owner ruling 2026-09-30),jurisdiction:us-wy,https://wgfd.wyo.gov/media/33031/download?inline,2026-09-30
Microtus pinetorum,Woodland vole,NON_QUARRY_COMMENSAL,Voles are excluded (owner ruling 2026-09-30),jurisdiction:us-ms,https://www.mdwfp.com/sites/default/files/2024-04/w_-_23-non-game_wildlife_in_need_of_mgmt-final.pdf,2026-09-30
Peromyscus maniculatus,North American deermouse,NON_QUARRY_SMALL_MAMMAL,Mice are excluded (owner ruling 2026-09-30),jurisdiction:us-ms|jurisdiction:us-wy,https://wgfd.wyo.gov/media/33031/download?inline|https://www.mdwfp.com/sites/default/files/2024-04/w_-_23-non-game_wildlife_in_need_of_mgmt-final.pdf,2026-09-30
Peromyscus gossypinus,Cotton mouse,NON_QUARRY_SMALL_MAMMAL,Mice are excluded (owner ruling 2026-09-30),jurisdiction:us-ms,https://www.mdwfp.com/sites/default/files/2024-04/w_-_23-non-game_wildlife_in_need_of_mgmt-final.pdf,2026-09-30
Peromyscus leucopus,White-footed mouse,NON_QUARRY_SMALL_MAMMAL,Mice are excluded (owner ruling 2026-09-30),jurisdiction:us-ms,https://www.mdwfp.com/sites/default/files/2024-04/w_-_23-non-game_wildlife_in_need_of_mgmt-final.pdf,2026-09-30
Peromyscus polionotus,Oldfield mouse,NON_QUARRY_SMALL_MAMMAL,Mice are excluded (owner ruling 2026-09-30); several beach-mouse subspecies are federally endangered,jurisdiction:us-ms,https://www.mdwfp.com/sites/default/files/2024-04/w_-_23-non-game_wildlife_in_need_of_mgmt-final.pdf,2026-09-30
Onychomys leucogaster,Northern grasshopper mouse,NON_QUARRY_SMALL_MAMMAL,Mice are excluded (owner ruling 2026-09-30),jurisdiction:us-wy,https://wgfd.wyo.gov/media/33031/download?inline,2026-09-30
Reithrodontomys megalotis,Western harvest mouse,NON_QUARRY_SMALL_MAMMAL,Mice are excluded (owner ruling 2026-09-30),jurisdiction:us-wy,https://wgfd.wyo.gov/media/33031/download?inline,2026-09-30
Reithrodontomys fulvescens,Fulvous harvest mouse,NON_QUARRY_SMALL_MAMMAL,Mice are excluded (owner ruling 2026-09-30),jurisdiction:us-ms,https://www.mdwfp.com/sites/default/files/2024-04/w_-_23-non-game_wildlife_in_need_of_mgmt-final.pdf,2026-09-30
Reithrodontomys humulis,Eastern harvest mouse,NON_QUARRY_SMALL_MAMMAL,Mice are excluded (owner ruling 2026-09-30),jurisdiction:us-ms,https://www.mdwfp.com/sites/default/files/2024-04/w_-_23-non-game_wildlife_in_need_of_mgmt-final.pdf,2026-09-30
Ochrotomys nuttalli,Golden mouse,NON_QUARRY_SMALL_MAMMAL,Mice are excluded (owner ruling 2026-09-30),jurisdiction:us-il|jurisdiction:us-ms,https://dnr.illinois.gov/hunting/hunttrapdigest.html|https://www.mdwfp.com/sites/default/files/2024-04/w_-_23-non-game_wildlife_in_need_of_mgmt-final.pdf,2026-09-30
Zapus hudsonius,Meadow jumping mouse,NON_QUARRY_SMALL_MAMMAL,Mice are excluded (owner ruling 2026-09-30); two subspecies are federally listed,jurisdiction:us-ms,https://www.mdwfp.com/sites/default/files/2024-04/w_-_23-non-game_wildlife_in_need_of_mgmt-final.pdf,2026-09-30
Neotoma cinerea,Bushy-tailed woodrat,NON_QUARRY_SMALL_MAMMAL,Rats are excluded (owner ruling 2026-09-30),jurisdiction:ca-bc|jurisdiction:us-wy,https://wgfd.wyo.gov/media/33031/download?inline|https://www2.gov.bc.ca/assets/gov/sports-recreation-arts-and-culture/outdoor-recreation/fishing-and-hunting/hunting/regulations/hunting-trapping-synopsis.pdf,2026-09-30
Neotoma floridana,Eastern woodrat,NON_QUARRY_SMALL_MAMMAL,Rats are excluded (owner ruling 2026-09-30); the Key Largo woodrat is federally endangered,jurisdiction:us-il|jurisdiction:us-ms,https://dnr.illinois.gov/hunting/hunttrapdigest.html|https://www.mdwfp.com/sites/default/files/2024-04/w_-_23-non-game_wildlife_in_need_of_mgmt-final.pdf,2026-09-30
Oryzomys palustris,Marsh rice rat,NON_QUARRY_SMALL_MAMMAL,Rats are excluded (owner ruling 2026-09-30),jurisdiction:us-il|jurisdiction:us-ms,https://dnr.illinois.gov/hunting/hunttrapdigest.html|https://www.mdwfp.com/sites/default/files/2024-04/w_-_23-non-game_wildlife_in_need_of_mgmt-final.pdf,2026-09-30
Sigmodon hispidus,Hispid cotton rat,NON_QUARRY_SMALL_MAMMAL,Rats are excluded (owner ruling 2026-09-30),jurisdiction:us-ms,https://www.mdwfp.com/sites/default/files/2024-04/w_-_23-non-game_wildlife_in_need_of_mgmt-final.pdf,2026-09-30
Neotamias minimus,Least chipmunk,NON_QUARRY_SMALL_MAMMAL,Same class as the owner's excluded rodents: listed only as nongame or unprotected,jurisdiction:us-wy,https://wgfd.wyo.gov/media/33031/download?inline,2026-09-30
Tamias striatus,Eastern chipmunk,NON_QUARRY_SMALL_MAMMAL,Same class as the owner's excluded rodents: listed only as nongame,jurisdiction:us-ms,https://www.mdwfp.com/sites/default/files/2024-04/w_-_23-non-game_wildlife_in_need_of_mgmt-final.pdf,2026-09-30
Thomomys talpoides,Northern pocket gopher,NON_QUARRY_COMMENSAL,Pocket gophers are excluded (owner ruling 2026-09-30),jurisdiction:ca-bc|jurisdiction:us-co|jurisdiction:us-wy,https://cpw.state.co.us/nuisance-wildlife|https://wgfd.wyo.gov/media/33031/download?inline|https://www2.gov.bc.ca/assets/gov/sports-recreation-arts-and-culture/outdoor-recreation/fishing-and-hunting/hunting/regulations/hunting-trapping-synopsis.pdf,2026-09-30
Thomomys bottae,Botta's pocket gopher,NON_QUARRY_COMMENSAL,Pocket gophers are excluded (owner ruling 2026-09-30),jurisdiction:us-co,https://cpw.state.co.us/nuisance-wildlife,2026-09-30
Geomys bursarius,Plains pocket gopher,NON_QUARRY_COMMENSAL,Pocket gophers are excluded (owner ruling 2026-09-30),jurisdiction:us-co,https://cpw.state.co.us/nuisance-wildlife,2026-09-30
Cratogeomys castanops,Yellow-faced pocket gopher,NON_QUARRY_COMMENSAL,Pocket gophers are excluded (owner ruling 2026-09-30),jurisdiction:us-co,https://cpw.state.co.us/nuisance-wildlife,2026-09-30
Scapanus orarius,Coast mole,NON_QUARRY_COMMENSAL,Moles are excluded (owner ruling 2026-09-30),jurisdiction:ca-bc,https://www2.gov.bc.ca/assets/gov/sports-recreation-arts-and-culture/outdoor-recreation/fishing-and-hunting/hunting/regulations/hunting-trapping-synopsis.pdf,2026-09-30
Scalopus aquaticus,Eastern mole,NON_QUARRY_COMMENSAL,Moles are excluded (owner ruling 2026-09-30),jurisdiction:us-ms,https://www.mdwfp.com/sites/default/files/2024-04/w_-_23-non-game_wildlife_in_need_of_mgmt-final.pdf,2026-09-30
Blarina carolinensis,Southern short-tailed shrew,NON_QUARRY_SMALL_MAMMAL,Same class as the owner's excluded moles: listed only as nongame,jurisdiction:us-ms,https://www.mdwfp.com/sites/default/files/2024-04/w_-_23-non-game_wildlife_in_need_of_mgmt-final.pdf,2026-09-30
Cryptotis parvus,North American least shrew,NON_QUARRY_SMALL_MAMMAL,Same class as the owner's excluded moles: listed only as nongame,jurisdiction:us-ms,https://www.mdwfp.com/sites/default/files/2024-04/w_-_23-non-game_wildlife_in_need_of_mgmt-final.pdf,2026-09-30
Sorex longirostris,Southeastern shrew,NON_QUARRY_SMALL_MAMMAL,Same class as the owner's excluded moles: listed only as nongame,jurisdiction:us-ms,https://www.mdwfp.com/sites/default/files/2024-04/w_-_23-non-game_wildlife_in_need_of_mgmt-final.pdf,2026-09-30
Ammospermophilus leucurus,White-tailed antelope squirrel,UNPROTECTED_ONLY,Listed only as unprotected; unprotected status alone does not establish a hunting opportunity,jurisdiction:us-id,https://idfg.idaho.gov/sites/default/files/seasons-rules-upland-game-2026-2027.pdf,2026-09-30
Myiopsitta monachus,Monk parakeet,UNPROTECTED_ONLY,Listed only as unprotected; unprotected status alone does not establish a hunting opportunity,jurisdiction:us-in|jurisdiction:us-ri,https://rules.sos.ri.gov/regulations/part/250-60-00-9|https://www.eregulations.com/indiana/hunting/gamebirds,2026-09-30
Porphyrio porphyrio,Purple swamphen,UNPROTECTED_ONLY,Listed only as legal to harvest without a season; unprotected status alone does not establish a hunting opportunity,jurisdiction:us-il,https://dnr.illinois.gov/hunting/hunttrapdigest.html,2026-09-30
Felis catus,Feral cat,DOMESTIC,Stray or feral domestic cat (owner ruling 2026-09-30),jurisdiction:us-wy,https://wyoleg.gov/statutes/compress/title23.pdf,2026-09-30
Bos taurus,Feral cattle,DOMESTIC,Feral cattle; Hawaii prohibits take unless authorized (owner ruling 2026-09-30),jurisdiction:us-hi,https://dlnr.hawaii.gov/recreation/files/2016/01/Chapter-123_Final.pdf,2026-09-30
Petrogale penicillata,Brush-tailed rock-wallaby,PROHIBITED,Hawaii prohibits take unless authorized by the division,jurisdiction:us-hi,https://dlnr.hawaii.gov/recreation/files/2016/01/Chapter-123_Final.pdf,2026-09-30
Cynomys parvidens,Utah prairie dog,FEDERALLY_LISTED,Federally threatened; control only under permit,jurisdiction:us-ut,https://wildlife.utah.gov/rules/r657-19,2026-09-30
Ochotona princeps,American pika,NOT_QUARRY,Permit-only collection,jurisdiction:us-ut,https://wildlife.utah.gov/rules/r657-19,2026-09-30
Corynorhinus rafinesquii,Rafinesque's big-eared bat,NON_QUARRY_BAT,Bats are not quarry; several are federally endangered (northern long-eared bat) or declining from white-nose syndrome,jurisdiction:us-ms,https://www.mdwfp.com/sites/default/files/2024-04/w_-_23-non-game_wildlife_in_need_of_mgmt-final.pdf,2026-09-30
Eptesicus fuscus,Big brown bat,NON_QUARRY_BAT,Bats are not quarry; several are federally endangered (northern long-eared bat) or declining from white-nose syndrome,jurisdiction:us-ms,https://www.mdwfp.com/sites/default/files/2024-04/w_-_23-non-game_wildlife_in_need_of_mgmt-final.pdf,2026-09-30
Lasionycteris noctivagans,Silver-haired bat,NON_QUARRY_BAT,Bats are not quarry; several are federally endangered (northern long-eared bat) or declining from white-nose syndrome,jurisdiction:us-ms,https://www.mdwfp.com/sites/default/files/2024-04/w_-_23-non-game_wildlife_in_need_of_mgmt-final.pdf,2026-09-30
Lasiurus borealis,Eastern red bat,NON_QUARRY_BAT,Bats are not quarry; several are federally endangered (northern long-eared bat) or declining from white-nose syndrome,jurisdiction:us-ms,https://www.mdwfp.com/sites/default/files/2024-04/w_-_23-non-game_wildlife_in_need_of_mgmt-final.pdf,2026-09-30
Lasiurus cinereus,Hoary bat,NON_QUARRY_BAT,Bats are not quarry; several are federally endangered (northern long-eared bat) or declining from white-nose syndrome,jurisdiction:us-ms,https://www.mdwfp.com/sites/default/files/2024-04/w_-_23-non-game_wildlife_in_need_of_mgmt-final.pdf,2026-09-30
Lasiurus intermedius,Northern yellow bat,NON_QUARRY_BAT,Bats are not quarry; several are federally endangered (northern long-eared bat) or declining from white-nose syndrome,jurisdiction:us-ms,https://www.mdwfp.com/sites/default/files/2024-04/w_-_23-non-game_wildlife_in_need_of_mgmt-final.pdf,2026-09-30
Lasiurus seminolus,Seminole bat,NON_QUARRY_BAT,Bats are not quarry; several are federally endangered (northern long-eared bat) or declining from white-nose syndrome,jurisdiction:us-ms,https://www.mdwfp.com/sites/default/files/2024-04/w_-_23-non-game_wildlife_in_need_of_mgmt-final.pdf,2026-09-30
Myotis austroriparius,Southeastern myotis,NON_QUARRY_BAT,Bats are not quarry; several are federally endangered (northern long-eared bat) or declining from white-nose syndrome,jurisdiction:us-ms,https://www.mdwfp.com/sites/default/files/2024-04/w_-_23-non-game_wildlife_in_need_of_mgmt-final.pdf,2026-09-30
Myotis lucifugus,Little brown myotis,NON_QUARRY_BAT,Bats are not quarry; several are federally endangered (northern long-eared bat) or declining from white-nose syndrome,jurisdiction:us-ms,https://www.mdwfp.com/sites/default/files/2024-04/w_-_23-non-game_wildlife_in_need_of_mgmt-final.pdf,2026-09-30
Myotis septentrionalis,Northern long-eared bat,NON_QUARRY_BAT,Bats are not quarry; several are federally endangered (northern long-eared bat) or declining from white-nose syndrome,jurisdiction:us-ms,https://www.mdwfp.com/sites/default/files/2024-04/w_-_23-non-game_wildlife_in_need_of_mgmt-final.pdf,2026-09-30
Nycticeius humeralis,Evening bat,NON_QUARRY_BAT,Bats are not quarry; several are federally endangered (northern long-eared bat) or declining from white-nose syndrome,jurisdiction:us-ms,https://www.mdwfp.com/sites/default/files/2024-04/w_-_23-non-game_wildlife_in_need_of_mgmt-final.pdf,2026-09-30
Perimyotis subflavus,Tricolored bat,NON_QUARRY_BAT,Bats are not quarry; several are federally endangered (northern long-eared bat) or declining from white-nose syndrome,jurisdiction:us-ms,https://www.mdwfp.com/sites/default/files/2024-04/w_-_23-non-game_wildlife_in_need_of_mgmt-final.pdf,2026-09-30
Tadarida brasiliensis,Brazilian free-tailed bat,NON_QUARRY_BAT,Bats are not quarry; several are federally endangered (northern long-eared bat) or declining from white-nose syndrome,jurisdiction:us-ms,https://www.mdwfp.com/sites/default/files/2024-04/w_-_23-non-game_wildlife_in_need_of_mgmt-final.pdf,2026-09-30
Ambystoma cingulatum,Frosted flatwoods salamander,FEDERALLY_LISTED,Listed as endangered or threatened under the Endangered Species Act (ECOS snapshot research/hunting/esa-listings.json); a state list naming it does not override federal protection,jurisdiction:us-ms,https://www.mdwfp.com/sites/default/files/2024-04/w_-_23-non-game_wildlife_in_need_of_mgmt-final.pdf,2026-09-30
Graptemys pearlensis,Pearl River map turtle,FEDERALLY_LISTED,Listed as endangered or threatened under the Endangered Species Act (ECOS snapshot research/hunting/esa-listings.json); a state list naming it does not override federal protection,jurisdiction:us-ms,https://www.mdwfp.com/sites/default/files/2024-04/w_-_23-non-game_wildlife_in_need_of_mgmt-final.pdf,2026-09-30
Drymarchon couperi,Eastern indigo snake,FEDERALLY_LISTED,Listed as endangered or threatened under the Endangered Species Act (ECOS snapshot research/hunting/esa-listings.json); a state list naming it does not override federal protection,jurisdiction:us-al|jurisdiction:us-fl|jurisdiction:us-ms,https://www.flrules.org/gateway/ruleNo.asp?id=68A-27.003|https://www.mdwfp.com/wildlife-hunting/general-hunting-rules-regulations|https://www.outdooralabama.com/hunting-wildlife-regulations/nongame-reptiles-protected-alabama-regulations,2026-09-30
Gopherus polyphemus,Gopher tortoise,FEDERALLY_LISTED,Listed as endangered or threatened under the Endangered Species Act (ECOS snapshot research/hunting/esa-listings.json); a state list naming it does not override federal protection,jurisdiction:us-al|jurisdiction:us-fl|jurisdiction:us-ms,https://www.flrules.org/gateway/ruleNo.asp?id=68A-27.003|https://www.mdwfp.com/wildlife-hunting/general-hunting-rules-regulations|https://www.outdooralabama.com/hunting-wildlife-regulations/nongame-reptiles-protected-alabama-regulations,2026-09-30
Gopherus agassizii,Mojave desert tortoise,FEDERALLY_LISTED,Listed as endangered or threatened under the Endangered Species Act (ECOS snapshot research/hunting/esa-listings.json); a state list naming it does not override federal protection,jurisdiction:us-az,https://azgfd-portal-wordpress-pantheon.s3.us-west-2.amazonaws.com/wp-content/uploads/2025/11/05144900/2026-2030-Reptile-and-Amphibian-Regulations.pdf,2026-09-30
Rana chiricahuensis,Chiricahua leopard frog,FEDERALLY_LISTED,Listed as endangered or threatened under the Endangered Species Act (ECOS snapshot research/hunting/esa-listings.json); a state list naming it does not override federal protection,jurisdiction:us-az,https://azgfd-portal-wordpress-pantheon.s3.us-west-2.amazonaws.com/wp-content/uploads/2025/11/05144900/2026-2030-Reptile-and-Amphibian-Regulations.pdf,2026-09-30
Sistrurus catenatus,Eastern massasauga,FEDERALLY_LISTED,Listed as endangered or threatened under the Endangered Species Act (ECOS snapshot research/hunting/esa-listings.json); a state list naming it does not override federal protection,jurisdiction:us-az,https://azgfd-portal-wordpress-pantheon.s3.us-west-2.amazonaws.com/wp-content/uploads/2025/11/05144900/2026-2030-Reptile-and-Amphibian-Regulations.pdf,2026-09-30
Thamnophis rufipunctatus,Narrow-headed gartersnake,FEDERALLY_LISTED,Listed as endangered or threatened under the Endangered Species Act (ECOS snapshot research/hunting/esa-listings.json); a state list naming it does not override federal protection,jurisdiction:us-az,https://azgfd-portal-wordpress-pantheon.s3.us-west-2.amazonaws.com/wp-content/uploads/2025/11/05144900/2026-2030-Reptile-and-Amphibian-Regulations.pdf,2026-09-30
Macrochelys suwanniensis,Suwannee alligator snapping turtle,FEDERALLY_LISTED,Listed as endangered or threatened under the Endangered Species Act (ECOS snapshot research/hunting/esa-listings.json); a state list naming it does not override federal protection,jurisdiction:us-fl,https://www.flrules.org/gateway/ruleNo.asp?id=68A-25.002,2026-09-30
Crocodylus acutus,American crocodile,FEDERALLY_LISTED,Listed as endangered or threatened under the Endangered Species Act (ECOS snapshot research/hunting/esa-listings.json); a state list naming it does not override federal protection,jurisdiction:us-fl,https://myfwc.com/wildlifehabitats/wildlife/alligator/harvest/,2026-09-30
Mustela nigripes,Black-footed ferret,FEDERALLY_LISTED,Listed as endangered or threatened under the Endangered Species Act (ECOS snapshot research/hunting/esa-listings.json); a state list naming it does not override federal protection,jurisdiction:us-nm,https://wildlife.dgf.nm.gov/download/2026-2027-new-mexico-hunting-rules-and-info/?wpdmdl=52826,2026-09-30
Panthera onca,Jaguar,FEDERALLY_LISTED,Listed as endangered or threatened under the Endangered Species Act (ECOS snapshot research/hunting/esa-listings.json); a state list naming it does not override federal protection,jurisdiction:us-nm,https://wildlife.dgf.nm.gov/download/2026-2027-new-mexico-hunting-rules-and-info/?wpdmdl=52826,2026-09-30
Apalone ferox,Florida softshell,UNPROTECTED_ONLY,Listed only as unprotected; unprotected status alone does not establish a hunting opportunity,jurisdiction:us-sc,https://dnr.sc.gov/wildlife/herps/assets/docs/UpdatedReptileAndAmphibianRegulations.pdf,2026-09-30
Kinosternon baurii,Striped mud turtle,UNPROTECTED_ONLY,Listed only as unprotected; unprotected status alone does not establish a hunting opportunity,jurisdiction:us-fl|jurisdiction:us-sc,https://dnr.sc.gov/wildlife/herps/assets/docs/UpdatedReptileAndAmphibianRegulations.pdf|https://www.flrules.org/gateway/ruleNo.asp?id=68A-25.002,2026-09-30
Pseudemys floridana,Florida cooter,UNPROTECTED_ONLY,Listed only as unprotected; unprotected status alone does not establish a hunting opportunity,jurisdiction:us-sc,https://dnr.sc.gov/wildlife/herps/assets/docs/UpdatedReptileAndAmphibianRegulations.pdf,2026-09-30
